scenario_id,season,probability,hour,lmp,p_charge_MW,p_discharge_MW,soc_MWh,u_charge,u_discharge,revenue_$,deg_cost_$,net_$
1,winter,0.102700,0,19.397400,0.000000,0.000000,0.500000,1,0,0.000000,0.000000,0.000000
1,winter,0.102700,1,18.502100,0.000000,0.000000,0.500000,0,1,0.000000,0.000000,0.000000
1,winter,0.102700,2,18.235200,0.000000,0.000000,0.500000,0,1,0.000000,0.000000,0.000000
1,winter,0.102700,3,18.222000,0.000000,0.000000,0.500000,0,1,0.000000,0.000000,0.000000
1,winter,0.102700,4,18.692300,0.000000,0.000000,0.500000,1,0,0.000000,0.000000,0.000000
1,winter,0.102700,5,19.632900,0.000000,0.000000,0.500000,0,1,0.000000,0.000000,0.000000
1,winter,0.102700,6,23.973400,0.000000,0.000000,0.500000,0,1,0.000000,0.000000,0.000000
1,winter,0.102700,7,26.838700,0.000000,0.000000,0.500000,0,1,0.000000,0.000000,0.000000
1,winter,0.102700,8,22.941800,0.000000,0.000000,0.500000,1,0,0.000000,0.000000,0.000000
1,winter,0.102700,9,21.465400,0.000000,0.000000,0.500000,1,0,0.000000,0.000000,0.000000
1,winter,0.102700,10,22.406200,0.000000,0.000000,0.500000,0,1,0.000000,0.000000,0.000000
1,winter,0.102700,11,21.376400,0.000000,0.000000,0.500000,0,1,0.000000,0.000000,0.000000
1,winter,0.102700,12,20.307000,0.000000,0.000000,0.500000,1,0,0.000000,0.000000,0.000000
1,winter,0.102700,13,19.828900,0.000000,0.000000,0.500000,1,0,0.000000,0.000000,0.000000
1,winter,0.102700,14,19.254800,0.000000,0.000000,0.500000,0,1,0.000000,0.000000,0.000000
1,winter,0.102700,15,19.434900,0.000000,0.000000,0.500000,0,1,0.000000,0.000000,0.000000
1,winter,0.102700,16,22.062400,0.000000,0.000000,0.500000,0,1,0.000000,0.000000,0.000000
1,winter,0.102700,17,26.760300,0.000000,0.000000,0.500000,1,0,0.000000,0.000000,0.000000
1,winter,0.102700,18,25.860100,0.000000,0.000000,0.500000,0,1,0.000000,0.000000,0.000000
1,winter,0.102700,19,23.509300,0.000000,0.000000,0.500000,0,1,0.000000,0.000000,0.000000
1,winter,0.102700,20,22.855200,0.000000,0.000000,0.500000,0,1,0.000000,0.000000,0.000000
1,winter,0.102700,21,21.644900,0.000000,0.000000,0.500000,1,0,0.000000,0.000000,0.000000
1,winter,0.102700,22,19.888400,0.000000,0.000000,0.500000,1,0,0.000000,0.000000,0.000000
1,winter,0.102700,23,18.701800,0.000000,0.000000,0.500000,0,1,0.000000,0.000000,0.000000
2,winter,0.066400,0,25.168800,0.000000,0.000000,0.500000,0,1,0.000000,0.000000,0.000000
2,winter,0.066400,1,24.646300,0.000000,0.000000,0.500000,1,0,0.000000,0.000000,0.000000
2,winter,0.066400,2,23.886900,0.000000,0.000000,0.500000,1,0,0.000000,0.000000,0.000000
2,winter,0.066400,3,24.097700,0.000000,0.000000,0.500000,0,1,0.000000,0.000000,0.000000
2,winter,0.066400,4,25.611600,0.000000,0.000000,0.500000,0,1,0.000000,0.000000,0.000000
2,winter,0.066400,5,25.887700,0.000000,0.000000,0.500000,0,1,0.000000,0.000000,0.000000
2,winter,0.066400,6,34.005600,0.000000,0.000000,0.500000,1,0,0.000000,0.000000,0.000000
2,winter,0.066400,7,38.311400,0.000000,0.000000,0.500000,0,1,0.000000,0.000000,0.000000
2,winter,0.066400,8,35.524300,0.000000,0.000000,0.500000,0,1,0.000000,0.000000,0.000000
2,winter,0.066400,9,33.170700,0.000000,0.000000,0.500000,0,1,0.000000,0.000000,0.000000
2,winter,0.066400,10,34.179600,0.000000,0.000000,0.500000,1,0,0.000000,0.000000,0.000000
2,winter,0.066400,11,34.464300,0.000000,0.000000,0.500000,1,0,0.000000,0.000000,0.000000
2,winter,0.066400,12,31.802600,0.000000,0.000000,0.500000,0,1,0.000000,0.000000,0.000000
2,winter,0.066400,13,30.615400,0.000000,0.000000,0.500000,0,1,0.000000,0.000000,0.000000
2,winter,0.066400,14,29.371000,0.000000,0.000000,0.500000,1,0,0.000000,0.000000,0.000000
2,winter,0.066400,15,28.926200,0.000000,0.000000,0.500000,1,0,0.000000,0.000000,0.000000
2,winter,0.066400,16,31.448000,0.000000,0.000000,0.500000,0,1,0.000000,0.000000,0.000000
2,winter,0.066400,17,43.315900,0.000000,0.372000,0.100000,0,1,16.113515,10.354000,5.759515
2,winter,0.066400,18,38.392400,0.000000,0.000000,0.100000,0,1,0.000000,0.000000,0.000000
2,winter,0.066400,19,35.266700,0.000000,0.000000,0.100000,1,0,0.000000,0.000000,0.000000
2,winter,0.066400,20,34.626400,0.000000,0.000000,0.100000,0,1,0.000000,0.000000,0.000000
2,winter,0.066400,21,31.221100,0.000000,0.000000,0.100000,0,1,0.000000,0.000000,0.000000
2,winter,0.066400,22,28.998400,0.000000,0.000000,0.100000,0,1,0.000000,0.000000,0.000000
2,winter,0.066400,23,26.146100,0.000000,0.000000,0.100000,1,0,0.000000,0.000000,0.000000
3,winter,0.028800,0,38.508500,0.000000,0.000000,0.500000,0,1,0.000000,0.000000,0.000000
3,winter,0.028800,1,38.273500,0.000000,0.000000,0.500000,0,1,0.000000,0.000000,0.000000
3,winter,0.028800,2,36.957100,0.000000,0.000000,0.500000,0,1,0.000000,0.000000,0.000000
3,winter,0.028800,3,37.742600,0.000000,0.000000,0.500000,1,0,0.000000,0.000000,0.000000
3,winter,0.028800,4,37.609400,0.000000,0.000000,0.500000,1,0,0.000000,0.000000,0.000000
3,winter,0.028800,5,42.074200,0.000000,0.000000,0.500000,0,1,0.000000,0.000000,0.000000
3,winter,0.028800,6,49.913900,0.000000,0.000000,0.500000,0,1,0.000000,0.000000,0.000000
3,winter,0.028800,7,57.844800,0.000000,0.000000,0.500000,0,1,0.000000,0.000000,0.000000
3,winter,0.028800,8,54.702200,0.000000,0.000000,0.500000,1,0,0.000000,0.000000,0.000000
3,winter,0.028800,9,57.131800,0.000000,0.000000,0.500000,0,1,0.000000,0.000000,0.000000
3,winter,0.028800,10,60.406100,0.000000,0.000000,0.500000,0,1,0.000000,0.000000,0.000000
3,winter,0.028800,11,55.620000,0.000000,0.000000,0.500000,0,1,0.000000,0.000000,0.000000
3,winter,0.028800,12,54.184700,0.000000,0.000000,0.500000,1,0,0.000000,0.000000,0.000000
3,winter,0.028800,13,48.281300,0.000000,0.000000,0.500000,0,1,0.000000,0.000000,0.000000
3,winter,0.028800,14,46.297200,0.000000,0.000000,0.500000,0,1,0.000000,0.000000,0.000000
3,winter,0.028800,15,49.174800,0.000000,0.000000,0.500000,0,1,0.000000,0.000000,0.000000
3,winter,0.028800,16,56.750700,0.000000,0.000000,0.500000,1,0,0.000000,0.000000,0.000000
3,winter,0.028800,17,67.031400,0.000000,0.372000,0.100000,0,1,24.935681,10.354000,14.581681
3,winter,0.028800,18,61.024000,0.000000,0.000000,0.100000,0,1,0.000000,0.000000,0.000000
3,winter,0.028800,19,58.027300,0.000000,0.000000,0.100000,0,1,0.000000,0.000000,0.000000
3,winter,0.028800,20,53.866200,0.000000,0.000000,0.100000,0,1,0.000000,0.000000,0.000000
3,winter,0.028800,21,56.122600,0.000000,0.000000,0.100000,1,0,0.000000,0.000000,0.000000
3,winter,0.028800,22,50.592200,0.000000,0.000000,0.100000,0,1,0.000000,0.000000,0.000000
3,winter,0.028800,23,45.177000,0.000000,0.000000,0.100000,0,1,0.000000,0.000000,0.000000
4,winter,0.019200,0,43.501100,0.000000,0.000000,0.500000,0,1,0.000000,0.000000,0.000000
4,winter,0.019200,1,41.202500,0.000000,0.000000,0.500000,1,0,0.000000,0.000000,0.000000
4,winter,0.019200,2,39.174600,0.000000,0.000000,0.500000,0,1,0.000000,0.000000,0.000000
4,winter,0.019200,3,39.415700,0.000000,0.000000,0.500000,0,1,0.000000,0.000000,0.000000
4,winter,0.019200,4,41.792800,0.000000,0.000000,0.500000,0,1,0.000000,0.000000,0.000000
4,winter,0.019200,5,42.941000,0.000000,0.000000,0.500000,1,0,0.000000,0.000000,0.000000
4,winter,0.019200,6,57.577600,0.000000,0.000000,0.500000,1,0,0.000000,0.000000,0.000000
4,winter,0.019200,7,70.933600,0.000000,0.372000,0.100000,0,1,26.387299,10.354000,16.033299
4,winter,0.019200,8,48.747000,0.000000,0.000000,0.100000,0,1,0.000000,0.000000,0.000000
4,winter,0.019200,9,39.471700,0.000000,0.000000,0.100000,0,1,0.000000,0.000000,0.000000
4,winter,0.019200,10,37.584800,0.000000,0.000000,0.100000,1,0,0.000000,0.000000,0.000000
4,winter,0.019200,11,35.924700,0.000000,0.000000,0.100000,0,1,0.000000,0.000000,0.000000
4,winter,0.019200,12,33.977000,0.000000,0.000000,0.100000,0,1,0.000000,0.000000,0.000000
4,winter,0.019200,13,32.321500,0.000000,0.000000,0.100000,0,1,0.000000,0.000000,0.000000
4,winter,0.019200,14,31.396500,0.000000,0.000000,0.100000,1,0,0.000000,0.000000,0.000000
4,winter,0.019200,15,31.399200,0.000000,0.000000,0.100000,0,1,0.000000,0.000000,0.000000
4,winter,0.019200,16,33.650300,0.000000,0.000000,0.100000,0,1,0.000000,0.000000,0.000000
4,winter,0.019200,17,47.259300,0.000000,0.000000,0.100000,0,1,0.000000,0.000000,0.000000
4,winter,0.019200,18,43.091500,0.000000,0.000000,0.100000,1,0,0.000000,0.000000,0.000000
4,winter,0.019200,19,40.235800,0.000000,0.000000,0.100000,1,0,0.000000,0.000000,0.000000
4,winter,0.019200,20,38.353100,0.000000,0.000000,0.100000,0,1,0.000000,0.000000,0.000000
4,winter,0.019200,21,38.595500,0.000000,0.000000,0.100000,0,1,0.000000,0.000000,0.000000
4,winter,0.019200,22,34.036200,0.000000,0.000000,0.100000,0,1,0.000000,0.000000,0.000000
4,winter,0.019200,23,31.918300,0.000000,0.000000,0.100000,1,0,0.000000,0.000000,0.000000
5,winter,0.012300,0,64.583100,0.000000,0.000000,0.500000,0,1,0.000000,0.000000,0.000000
5,winter,0.012300,1,64.760200,0.000000,0.000000,0.500000,0,1,0.000000,0.000000,0.000000
5,winter,0.012300,2,60.004500,0.000000,0.000000,0.500000,0,1,0.000000,0.000000,0.000000
5,winter,0.012300,3,56.786800,0.000000,0.000000,0.500000,1,0,0.000000,0.000000,0.000000
5,winter,0.012300,4,61.944300,0.000000,0.000000,0.500000,0,1,0.000000,0.000000,0.000000
5,winter,0.012300,5,61.018800,0.000000,0.000000,0.500000,0,1,0.000000,0.000000,0.000000
5,winter,0.012300,6,87.560000,0.000000,0.372000,0.100000,0,1,32.572320,10.354000,22.218320
5,winter,0.012300,7,85.073100,0.000000,0.000000,0.100000,1,0,0.000000,0.000000,0.000000
5,winter,0.012300,8,70.732900,0.000000,0.000000,0.100000,1,0,0.000000,0.000000,0.000000
5,winter,0.012300,9,59.261200,0.000000,0.000000,0.100000,0,1,0.000000,0.000000,0.000000
5,winter,0.012300,10,56.277500,0.000000,0.000000,0.100000,0,1,0.000000,0.000000,0.000000
5,winter,0.012300,11,52.127700,0.000000,0.000000,0.100000,0,1,0.000000,0.000000,0.000000
5,winter,0.012300,12,49.401400,0.000000,0.000000,0.100000,1,0,0.000000,0.000000,0.000000
5,winter,0.012300,13,49.672600,0.000000,0.000000,0.100000,0,1,0.000000,0.000000,0.000000
5,winter,0.012300,14,45.671600,0.000000,0.000000,0.100000,0,1,0.000000,0.000000,0.000000
5,winter,0.012300,15,46.509000,0.000000,0.000000,0.100000,0,1,0.000000,0.000000,0.000000
5,winter,0.012300,16,50.536500,0.000000,0.000000,0.100000,1,0,0.000000,0.000000,0.000000
5,winter,0.012300,17,58.949900,0.000000,0.000000,0.100000,0,1,0.000000,0.000000,0.000000
5,winter,0.012300,18,54.514900,0.000000,0.000000,0.100000,0,1,0.000000,0.000000,0.000000
5,winter,0.012300,19,50.322700,0.000000,0.000000,0.100000,0,1,0.000000,0.000000,0.000000
5,winter,0.012300,20,49.599900,0.000000,0.000000,0.100000,1,0,0.000000,0.000000,0.000000
5,winter,0.012300,21,46.502900,0.000000,0.000000,0.100000,1,0,0.000000,0.000000,0.000000
5,winter,0.012300,22,43.808200,0.000000,0.000000,0.100000,0,1,0.000000,0.000000,0.000000
5,winter,0.012300,23,41.725400,0.000000,0.000000,0.100000,0,1,0.000000,0.000000,0.000000
6,winter,0.010300,0,58.559800,0.000000,0.000000,0.500000,1,0,0.000000,0.000000,0.000000
6,winter,0.010300,1,56.131400,0.000000,0.000000,0.500000,1,0,0.000000,0.000000,0.000000
6,winter,0.010300,2,56.651000,0.000000,0.000000,0.500000,0,1,0.000000,0.000000,0.000000
6,winter,0.010300,3,58.455100,0.000000,0.000000,0.500000,0,1,0.000000,0.000000,0.000000
6,winter,0.010300,4,58.897500,0.000000,0.000000,0.500000,0,1,0.000000,0.000000,0.000000
6,winter,0.010300,5,64.632400,0.000000,0.000000,0.500000,1,0,0.000000,0.000000,0.000000
6,winter,0.010300,6,84.039800,0.000000,0.000000,0.500000,0,1,0.000000,0.000000,0.000000
6,winter,0.010300,7,95.343800,0.000000,0.000000,0.500000,0,1,0.000000,0.000000,0.000000
6,winter,0.010300,8,76.688700,0.000000,0.000000,0.500000,0,1,0.000000,0.000000,0.000000
6,winter,0.010300,9,64.615600,0.000000,0.000000,0.500000,1,0,0.000000,0.000000,0.000000
6,winter,0.010300,10,80.622300,0.000000,0.000000,0.500000,1,0,0.000000,0.000000,0.000000
6,winter,0.010300,11,71.838500,0.000000,0.000000,0.500000,0,1,0.000000,0.000000,0.000000
6,winter,0.010300,12,75.352600,0.000000,0.000000,0.500000,0,1,0.000000,0.000000,0.000000
6,winter,0.010300,13,71.151900,0.000000,0.000000,0.500000,1,0,0.000000,0.000000,0.000000
6,winter,0.010300,14,60.983200,0.000000,0.000000,0.500000,1,0,0.000000,0.000000,0.000000
6,winter,0.010300,15,64.845100,0.000000,0.000000,0.500000,0,1,0.000000,0.000000,0.000000
6,winter,0.010300,16,86.265200,0.000000,0.000000,0.500000,0,1,0.000000,0.000000,0.000000
6,winter,0.010300,17,115.301600,0.000000,0.372000,0.100000,0,1,42.892195,10.354000,32.538195
6,winter,0.010300,18,93.903700,0.000000,0.000000,0.100000,1,0,0.000000,0.000000,0.000000
6,winter,0.010300,19,87.407800,0.000000,0.000000,0.100000,0,1,0.000000,0.000000,0.000000
6,winter,0.010300,20,91.091000,0.000000,0.000000,0.100000,0,1,0.000000,0.000000,0.000000
6,winter,0.010300,21,87.644000,0.000000,0.000000,0.100000,0,1,0.000000,0.000000,0.000000
6,winter,0.010300,22,87.289600,0.000000,0.000000,0.100000,1,0,0.000000,0.000000,0.000000
6,winter,0.010300,23,79.967300,0.000000,0.000000,0.100000,1,0,0.000000,0.000000,0.000000
7,winter,0.003400,0,111.651800,0.000000,0.000000,0.500000,0,1,0.000000,0.000000,0.000000
7,winter,0.003400,1,124.298800,0.000000,0.000000,0.500000,0,1,0.000000,0.000000,0.000000
7,winter,0.003400,2,95.368900,0.000000,0.000000,0.500000,1,0,0.000000,0.000000,0.000000
7,winter,0.003400,3,101.322700,0.000000,0.000000,0.500000,1,0,0.000000,0.000000,0.000000
7,winter,0.003400,4,111.212500,0.000000,0.000000,0.500000,0,1,0.000000,0.000000,0.000000
7,winter,0.003400,5,102.321900,0.000000,0.000000,0.500000,0,1,0.000000,0.000000,0.000000
7,winter,0.003400,6,110.953600,0.000000,0.000000,0.500000,0,1,0.000000,0.000000,0.000000
7,winter,0.003400,7,125.014500,0.000000,0.372000,0.100000,0,1,46.505394,10.354000,36.151394
7,winter,0.003400,8,111.534600,0.000000,0.000000,0.100000,0,1,0.000000,0.000000,0.000000
7,winter,0.003400,9,81.273400,0.000000,0.000000,0.100000,0,1,0.000000,0.000000,0.000000
7,winter,0.003400,10,77.373000,0.000000,0.000000,0.100000,0,1,0.000000,0.000000,0.000000
7,winter,0.003400,11,74.961900,0.000000,0.000000,0.100000,1,0,0.000000,0.000000,0.000000
7,winter,0.003400,12,60.750600,0.000000,0.000000,0.100000,0,1,0.000000,0.000000,0.000000
7,winter,0.003400,13,60.372000,0.000000,0.000000,0.100000,0,1,0.000000,0.000000,0.000000
7,winter,0.003400,14,51.531300,0.500000,0.000000,0.565000,1,0,-25.765650,13.916667,-39.682317
7,winter,0.003400,15,65.537000,0.000000,0.000000,0.565000,1,0,0.000000,0.000000,0.000000
7,winter,0.003400,16,85.427000,0.000000,0.000000,0.565000,1,0,0.000000,0.000000,0.000000
7,winter,0.003400,17,110.235200,0.000000,0.000000,0.565000,0,1,0.000000,0.000000,0.000000
7,winter,0.003400,18,123.453500,0.000000,0.000000,0.565000,0,1,0.000000,0.000000,0.000000
7,winter,0.003400,19,124.486700,0.000000,0.000000,0.565000,0,1,0.000000,0.000000,0.000000
7,winter,0.003400,20,114.190900,0.000000,0.000000,0.565000,1,0,0.000000,0.000000,0.000000
7,winter,0.003400,21,124.997400,0.000000,0.432450,0.100000,0,1,54.055126,12.036525,42.018601
7,winter,0.003400,22,104.563500,0.000000,0.000000,0.100000,0,1,0.000000,0.000000,0.000000
7,winter,0.003400,23,105.930000,0.000000,0.000000,0.100000,0,1,0.000000,0.000000,0.000000
8,winter,0.001400,0,152.909400,0.000000,0.000000,0.500000,1,0,0.000000,0.000000,0.000000
8,winter,0.001400,1,152.909400,0.000000,0.372000,0.100000,0,1,56.882297,10.354000,46.528297
8,winter,0.001400,2,151.068800,0.000000,0.000000,0.100000,0,1,0.000000,0.000000,0.000000
8,winter,0.001400,3,152.909400,0.000000,0.000000,0.100000,0,1,0.000000,0.000000,0.000000
8,winter,0.001400,4,151.545800,0.000000,0.000000,0.100000,1,0,0.000000,0.000000,0.000000
8,winter,0.001400,5,143.087700,0.000000,0.000000,0.100000,1,0,0.000000,0.000000,0.000000
8,winter,0.001400,6,152.909400,0.000000,0.000000,0.100000,0,1,0.000000,0.000000,0.000000
8,winter,0.001400,7,152.909400,0.000000,0.000000,0.100000,0,1,0.000000,0.000000,0.000000
8,winter,0.001400,8,152.909400,0.000000,0.000000,0.100000,0,1,0.000000,0.000000,0.000000
8,winter,0.001400,9,136.641900,0.000000,0.000000,0.100000,1,0,0.000000,0.000000,0.000000
8,winter,0.001400,10,118.636400,0.000000,0.000000,0.100000,0,1,0.000000,0.000000,0.000000
8,winter,0.001400,11,152.909400,0.000000,0.000000,0.100000,0,1,0.000000,0.000000,0.000000
8,winter,0.001400,12,137.879400,0.000000,0.000000,0.100000,0,1,0.000000,0.000000,0.000000
8,winter,0.001400,13,146.846900,0.000000,0.000000,0.100000,1,0,0.000000,0.000000,0.000000
8,winter,0.001400,14,151.166800,0.000000,0.000000,0.100000,0,1,0.000000,0.000000,0.000000
8,winter,0.001400,15,149.029200,0.000000,0.000000,0.100000,0,1,0.000000,0.000000,0.000000
8,winter,0.001400,16,152.909400,0.000000,0.000000,0.100000,0,1,0.000000,0.000000,0.000000
8,winter,0.001400,17,151.926100,0.000000,0.000000,0.100000,1,0,0.000000,0.000000,0.000000
8,winter,0.001400,18,135.867700,0.000000,0.000000,0.100000,1,0,0.000000,0.000000,0.000000
8,winter,0.001400,19,144.128300,0.000000,0.000000,0.100000,0,1,0.000000,0.000000,0.000000
8,winter,0.001400,20,145.221600,0.000000,0.000000,0.100000,0,1,0.000000,0.000000,0.000000
8,winter,0.001400,21,152.909400,0.000000,0.000000,0.100000,0,1,0.000000,0.000000,0.000000
8,winter,0.001400,22,151.815900,0.000000,0.000000,0.100000,1,0,0.000000,0.000000,0.000000
8,winter,0.001400,23,109.061400,0.000000,0.000000,0.100000,0,1,0.000000,0.000000,0.000000
9,winter,0.001400,0,134.686700,0.000000,0.000000,0.500000,0,1,0.000000,0.000000,0.000000
9,winter,0.001400,1,125.030500,0.000000,0.000000,0.500000,0,1,0.000000,0.000000,0.000000
9,winter,0.001400,2,107.825900,0.000000,0.000000,0.500000,1,0,0.000000,0.000000,0.000000
9,winter,0.001400,3,111.121000,0.000000,0.000000,0.500000,0,1,0.000000,0.000000,0.000000
9,winter,0.001400,4,101.378100,0.000000,0.000000,0.500000,0,1,0.000000,0.000000,0.000000
9,winter,0.001400,5,100.343700,0.000000,0.000000,0.500000,0,1,0.000000,0.000000,0.000000
9,winter,0.001400,6,131.834500,0.000000,0.000000,0.500000,1,0,0.000000,0.000000,0.000000
9,winter,0.001400,7,133.659900,0.000000,0.000000,0.500000,1,0,0.000000,0.000000,0.000000
9,winter,0.001400,8,142.676900,0.000000,0.000000,0.500000,0,1,0.000000,0.000000,0.000000
9,winter,0.001400,9,142.507500,0.000000,0.000000,0.500000,0,1,0.000000,0.000000,0.000000
9,winter,0.001400,10,152.909400,0.000000,0.372000,0.100000,0,1,56.882297,10.354000,46.528297
9,winter,0.001400,11,138.461700,0.000000,0.000000,0.100000,1,0,0.000000,0.000000,0.000000
9,winter,0.001400,12,152.909400,0.000000,0.000000,0.100000,0,1,0.000000,0.000000,0.000000
9,winter,0.001400,13,127.116400,0.000000,0.000000,0.100000,0,1,0.000000,0.000000,0.000000
9,winter,0.001400,14,128.785200,0.000000,0.000000,0.100000,0,1,0.000000,0.000000,0.000000
9,winter,0.001400,15,118.988900,0.000000,0.000000,0.100000,1,0,0.000000,0.000000,0.000000
9,winter,0.001400,16,122.340600,0.000000,0.000000,0.100000,0,1,0.000000,0.000000,0.000000
9,winter,0.001400,17,103.242500,0.000000,0.000000,0.100000,0,1,0.000000,0.000000,0.000000
9,winter,0.001400,18,89.398200,0.000000,0.000000,0.100000,0,1,0.000000,0.000000,0.000000
9,winter,0.001400,19,89.314700,0.000000,0.000000,0.100000,1,0,0.000000,0.000000,0.000000
9,winter,0.001400,20,83.973800,0.000000,0.000000,0.100000,1,0,0.000000,0.000000,0.000000
9,winter,0.001400,21,76.966000,0.000000,0.000000,0.100000,0,1,0.000000,0.000000,0.000000
9,winter,0.001400,22,59.239400,0.000000,0.000000,0.100000,0,1,0.000000,0.000000,0.000000
9,winter,0.001400,23,49.661400,0.000000,0.000000,0.100000,0,1,0.000000,0.000000,0.000000
10,winter,0.000700,0,36.529700,0.000000,0.000000,0.500000,1,0,0.000000,0.000000,0.000000
10,winter,0.000700,1,35.733100,0.000000,0.000000,0.500000,0,1,0.000000,0.000000,0.000000
10,winter,0.000700,2,33.971900,0.430108,0.000000,0.900000,1,0,-14.611570,11.971326,-26.582896
10,winter,0.000700,3,35.774800,0.000000,0.000000,0.900000,0,1,0.000000,0.000000,0.000000
10,winter,0.000700,4,45.020000,0.000000,0.000000,0.900000,1,0,0.000000,0.000000,0.000000
10,winter,0.000700,5,52.909100,0.000000,0.000000,0.900000,0,1,0.000000,0.000000,0.000000
10,winter,0.000700,6,66.496600,0.000000,0.000000,0.900000,0,1,0.000000,0.000000,0.000000
10,winter,0.000700,7,152.909400,0.000000,0.500000,0.362366,0,1,76.454700,13.916667,62.538033
10,winter,0.000700,8,89.300600,0.000000,0.000000,0.362366,1,0,0.000000,0.000000,0.000000
10,winter,0.000700,9,152.909400,0.000000,0.000000,0.362366,1,0,0.000000,0.000000,0.000000
10,winter,0.000700,10,152.909400,0.000000,0.244000,0.100000,0,1,37.309894,6.791333,30.518560
10,winter,0.000700,11,152.909400,0.000000,0.000000,0.100000,0,1,0.000000,0.000000,0.000000
10,winter,0.000700,12,152.909400,0.000000,0.000000,0.100000,1,0,0.000000,0.000000,0.000000
10,winter,0.000700,13,152.909400,0.000000,0.000000,0.100000,1,0,0.000000,0.000000,0.000000
10,winter,0.000700,14,152.909400,0.000000,0.000000,0.100000,0,1,0.000000,0.000000,0.000000
10,winter,0.000700,15,152.909400,0.000000,0.000000,0.100000,0,1,0.000000,0.000000,0.000000
10,winter,0.000700,16,152.909400,0.000000,0.000000,0.100000,0,1,0.000000,0.000000,0.000000
10,winter,0.000700,17,152.909400,0.000000,0.000000,0.100000,1,0,0.000000,0.000000,0.000000
10,winter,0.000700,18,152.909400,0.000000,0.000000,0.100000,0,1,0.000000,0.000000,0.000000
10,winter,0.000700,19,152.909400,0.000000,0.000000,0.100000,0,1,0.000000,0.000000,0.000000
10,winter,0.000700,20,152.909400,0.000000,0.000000,0.100000,0,1,0.000000,0.000000,0.000000
10,winter,0.000700,21,152.909400,0.000000,0.000000,0.100000,1,0,0.000000,0.000000,0.000000
10,winter,0.000700,22,152.909400,0.000000,0.000000,0.100000,1,0,0.000000,0.000000,0.000000
10,winter,0.000700,23,152.909400,0.000000,0.000000,0.100000,0,1,0.000000,0.000000,0.000000
11,spring,0.086300,0,14.863900,0.000000,0.000000,0.500000,0,1,0.000000,0.000000,0.000000
11,spring,0.086300,1,14.933200,0.000000,0.000000,0.500000,1,0,0.000000,0.000000,0.000000
11,spring,0.086300,2,14.082600,0.000000,0.000000,0.500000,1,0,0.000000,0.000000,0.000000
11,spring,0.086300,3,13.909700,0.000000,0.000000,0.500000,0,1,0.000000,0.000000,0.000000
11,spring,0.086300,4,14.514900,0.000000,0.000000,0.500000,0,1,0.000000,0.000000,0.000000
11,spring,0.086300,5,15.389400,0.000000,0.000000,0.500000,0,1,0.000000,0.000000,0.000000
11,spring,0.086300,6,16.935000,0.000000,0.000000,0.500000,1,0,0.000000,0.000000,0.000000
11,spring,0.086300,7,17.970100,0.000000,0.000000,0.500000,0,1,0.000000,0.000000,0.000000
11,spring,0.086300,8,18.605700,0.000000,0.000000,0.500000,0,1,0.000000,0.000000,0.000000
11,spring,0.086300,9,19.056800,0.000000,0.000000,0.500000,0,1,0.000000,0.000000,0.000000
11,spring,0.086300,10,19.067800,0.000000,0.000000,0.500000,1,0,0.000000,0.000000,0.000000
11,spring,0.086300,11,20.059400,0.000000,0.000000,0.500000,0,1,0.000000,0.000000,0.000000
11,spring,0.086300,12,19.983600,0.000000,0.000000,0.500000,0,1,0.000000,0.000000,0.000000
11,spring,0.086300,13,18.923300,0.000000,0.000000,0.500000,0,1,0.000000,0.000000,0.000000
11,spring,0.086300,14,18.456400,0.000000,0.000000,0.500000,1,0,0.000000,0.000000,0.000000
11,spring,0.086300,15,18.196500,0.000000,0.000000,0.500000,1,0,0.000000,0.000000,0.000000
11,spring,0.086300,16,19.192000,0.000000,0.000000,0.500000,0,1,0.000000,0.000000,0.000000
11,spring,0.086300,17,19.275800,0.000000,0.000000,0.500000,0,1,0.000000,0.000000,0.000000
11,spring,0.086300,18,19.576200,0.000000,0.000000,0.500000,0,1,0.000000,0.000000,0.000000
11,spring,0.086300,19,20.393300,0.000000,0.000000,0.500000,1,0,0.000000,0.000000,0.000000
11,spring,0.086300,20,22.981300,0.000000,0.000000,0.500000,0,1,0.000000,0.000000,0.000000
11,spring,0.086300,21,19.680800,0.000000,0.000000,0.500000,0,1,0.000000,0.000000,0.000000
11,spring,0.086300,22,17.570100,0.000000,0.000000,0.500000,0,1,0.000000,0.000000,0.000000
11,spring,0.086300,23,15.915400,0.000000,0.000000,0.500000,1,0,0.000000,0.000000,0.000000
12,spring,0.074000,0,22.215800,0.000000,0.000000,0.500000,0,1,0.000000,0.000000,0.000000
12,spring,0.074000,1,22.527000,0.000000,0.000000,0.500000,0,1,0.000000,0.000000,0.000000
12,spring,0.074000,2,20.231300,0.000000,0.000000,0.500000,0,1,0.000000,0.000000,0.000000
12,spring,0.074000,3,20.523600,0.000000,0.000000,0.500000,1,0,0.000000,0.000000,0.000000
12,spring,0.074000,4,21.040500,0.000000,0.000000,0.500000,1,0,0.000000,0.000000,0.000000
12,spring,0.074000,5,25.391600,0.000000,0.000000,0.500000,0,1,0.000000,0.000000,0.000000
12,spring,0.074000,6,30.454100,0.000000,0.000000,0.500000,0,1,0.000000,0.000000,0.000000
12,spring,0.074000,7,29.289300,0.000000,0.000000,0.500000,0,1,0.000000,0.000000,0.000000
12,spring,0.074000,8,26.747500,0.000000,0.000000,0.500000,1,0,0.000000,0.000000,0.000000
12,spring,0.074000,9,26.680800,0.000000,0.000000,0.500000,0,1,0.000000,0.000000,0.000000
12,spring,0.074000,10,28.186900,0.000000,0.000000,0.500000,0,1,0.000000,0.000000,0.000000
12,spring,0.074000,11,28.478500,0.000000,0.000000,0.500000,0,1,0.000000,0.000000,0.000000
12,spring,0.074000,12,28.311900,0.000000,0.000000,0.500000,1,0,0.000000,0.000000,0.000000
12,spring,0.074000,13,25.560600,0.000000,0.000000,0.500000,0,1,0.000000,0.000000,0.000000
12,spring,0.074000,14,24.669200,0.000000,0.000000,0.500000,0,1,0.000000,0.000000,0.000000
12,spring,0.074000,15,24.758100,0.000000,0.000000,0.500000,0,1,0.000000,0.000000,0.000000
12,spring,0.074000,16,26.374300,0.000000,0.000000,0.500000,1,0,0.000000,0.000000,0.000000
12,spring,0.074000,17,27.383300,0.000000,0.000000,0.500000,1,0,0.000000,0.000000,0.000000
12,spring,0.074000,18,28.434900,0.000000,0.000000,0.500000,0,1,0.000000,0.000000,0.000000
12,spring,0.074000,19,31.782200,0.000000,0.000000,0.500000,0,1,0.000000,0.000000,0.000000
12,spring,0.074000,20,34.900800,0.000000,0.372000,0.100000,0,1,12.983098,10.354000,2.629098
12,spring,0.074000,21,29.000500,0.000000,0.000000,0.100000,1,0,0.000000,0.000000,0.000000
12,spring,0.074000,22,25.770800,0.000000,0.000000,0.100000,0,1,0.000000,0.000000,0.000000
12,spring,0.074000,23,22.768100,0.000000,0.000000,0.100000,0,1,0.000000,0.000000,0.000000
13,spring,0.021200,0,36.112300,0.000000,0.000000,0.500000,0,1,0.000000,0.000000,0.000000
13,spring,0.021200,1,33.040500,0.000000,0.000000,0.500000,1,0,0.000000,0.000000,0.000000
13,spring,0.021200,2,30.154600,0.000000,0.000000,0.500000,0,1,0.000000,0.000000,0.000000
13,spring,0.021200,3,29.630500,0.000000,0.000000,0.500000,0,1,0.000000,0.000000,0.000000
13,spring,0.021200,4,30.747300,0.000000,0.000000,0.500000,0,1,0.000000,0.000000,0.000000
13,spring,0.021200,5,32.955300,0.000000,0.000000,0.500000,1,0,0.000000,0.000000,0.000000
13,spring,0.021200,6,44.511800,0.000000,0.000000,0.500000,1,0,0.000000,0.000000,0.000000
13,spring,0.021200,7,45.197900,0.000000,0.000000,0.500000,0,1,0.000000,0.000000,0.000000
13,spring,0.021200,8,43.327500,0.000000,0.000000,0.500000,0,1,0.000000,0.000000,0.000000
13,spring,0.021200,9,36.994100,0.000000,0.000000,0.500000,0,1,0.000000,0.000000,0.000000
13,spring,0.021200,10,37.185100,0.000000,0.000000,0.500000,1,0,0.000000,0.000000,0.000000
13,spring,0.021200,11,36.721400,0.000000,0.000000,0.500000,0,1,0.000000,0.000000,0.000000
13,spring,0.021200,12,39.159700,0.000000,0.000000,0.500000,0,1,0.000000,0.000000,0.000000
13,spring,0.021200,13,34.478500,0.000000,0.000000,0.500000,0,1,0.000000,0.000000,0.000000
13,spring,0.021200,14,33.009200,0.000000,0.000000,0.500000,1,0,0.000000,0.000000,0.000000
13,spring,0.021200,15,32.657000,0.000000,0.000000,0.500000,0,1,0.000000,0.000000,0.000000
13,spring,0.021200,16,32.029600,0.000000,0.000000,0.500000,0,1,0.000000,0.000000,0.000000
13,spring,0.021200,17,35.911100,0.000000,0.000000,0.500000,0,1,0.000000,0.000000,0.000000
13,spring,0.021200,18,40.604000,0.000000,0.000000,0.500000,1,0,0.000000,0.000000,0.000000
13,spring,0.021200,19,46.908100,0.000000,0.000000,0.500000,1,0,0.000000,0.000000,0.000000
13,spring,0.021200,20,50.501200,0.000000,0.372000,0.100000,0,1,18.786446,10.354000,8.432446
13,spring,0.021200,21,45.757700,0.000000,0.000000,0.100000,0,1,0.000000,0.000000,0.000000
13,spring,0.021200,22,37.041500,0.000000,0.000000,0.100000,0,1,0.000000,0.000000,0.000000
13,spring,0.021200,23,36.390700,0.000000,0.000000,0.100000,1,0,0.000000,0.000000,0.000000
14,spring,0.017800,0,18.430200,0.000000,0.000000,0.500000,0,1,0.000000,0.000000,0.000000
14,spring,0.017800,1,17.828300,0.000000,0.000000,0.500000,0,1,0.000000,0.000000,0.000000
14,spring,0.017800,2,16.143300,0.000000,0.000000,0.500000,0,1,0.000000,0.000000,0.000000
14,spring,0.017800,3,15.728200,0.000000,0.000000,0.500000,1,0,0.000000,0.000000,0.000000
14,spring,0.017800,4,17.186800,0.000000,0.000000,0.500000,0,1,0.000000,0.000000,0.000000
14,spring,0.017800,5,20.165900,0.000000,0.000000,0.500000,0,1,0.000000,0.000000,0.000000
14,spring,0.017800,6,24.447700,0.000000,0.000000,0.500000,0,1,0.000000,0.000000,0.000000
14,spring,0.017800,7,27.297200,0.000000,0.000000,0.500000,1,0,0.000000,0.000000,0.000000
14,spring,0.017800,8,24.200800,0.000000,0.000000,0.500000,1,0,0.000000,0.000000,0.000000
14,spring,0.017800,9,28.316500,0.000000,0.000000,0.500000,0,1,0.000000,0.000000,0.000000
14,spring,0.017800,10,28.493800,0.000000,0.000000,0.500000,0,1,0.000000,0.000000,0.000000
14,spring,0.017800,11,27.982700,0.000000,0.000000,0.500000,1,0,0.000000,0.000000,0.000000
14,spring,0.017800,12,31.549100,0.000000,0.000000,0.500000,1,0,0.000000,0.000000,0.000000
14,spring,0.017800,13,34.377100,0.000000,0.000000,0.500000,0,1,0.000000,0.000000,0.000000
14,spring,0.017800,14,36.921200,0.000000,0.000000,0.500000,0,1,0.000000,0.000000,0.000000
14,spring,0.017800,15,34.669200,0.000000,0.000000,0.500000,0,1,0.000000,0.000000,0.000000
14,spring,0.017800,16,42.475000,0.000000,0.000000,0.500000,1,0,0.000000,0.000000,0.000000
14,spring,0.017800,17,69.487800,0.000000,0.372000,0.100000,0,1,25.849462,10.354000,15.495462
14,spring,0.017800,18,56.969900,0.000000,0.000000,0.100000,0,1,0.000000,0.000000,0.000000
14,spring,0.017800,19,53.370700,0.000000,0.000000,0.100000,0,1,0.000000,0.000000,0.000000
14,spring,0.017800,20,41.201100,0.000000,0.000000,0.100000,1,0,0.000000,0.000000,0.000000
14,spring,0.017800,21,33.955500,0.000000,0.000000,0.100000,1,0,0.000000,0.000000,0.000000
14,spring,0.017800,22,26.358500,0.000000,0.000000,0.100000,0,1,0.000000,0.000000,0.000000
14,spring,0.017800,23,23.502800,0.000000,0.000000,0.100000,0,1,0.000000,0.000000,0.000000
15,spring,0.017100,0,46.226500,0.000000,0.000000,0.500000,1,0,0.000000,0.000000,0.000000
15,spring,0.017100,1,46.153700,0.000000,0.000000,0.500000,1,0,0.000000,0.000000,0.000000
15,spring,0.017100,2,42.950600,0.000000,0.000000,0.500000,0,1,0.000000,0.000000,0.000000
15,spring,0.017100,3,43.249400,0.000000,0.000000,0.500000,0,1,0.000000,0.000000,0.000000
15,spring,0.017100,4,43.713800,0.000000,0.000000,0.500000,0,1,0.000000,0.000000,0.000000
15,spring,0.017100,5,48.822600,0.000000,0.000000,0.500000,1,0,0.000000,0.000000,0.000000
15,spring,0.017100,6,56.156200,0.000000,0.000000,0.500000,0,1,0.000000,0.000000,0.000000
15,spring,0.017100,7,58.812300,0.000000,0.000000,0.500000,0,1,0.000000,0.000000,0.000000
15,spring,0.017100,8,57.085000,0.000000,0.000000,0.500000,0,1,0.000000,0.000000,0.000000
15,spring,0.017100,9,58.836000,0.000000,0.000000,0.500000,1,0,0.000000,0.000000,0.000000
15,spring,0.017100,10,53.701500,0.000000,0.000000,0.500000,1,0,0.000000,0.000000,0.000000
15,spring,0.017100,11,52.763800,0.000000,0.000000,0.500000,0,1,0.000000,0.000000,0.000000
15,spring,0.017100,12,52.204400,0.000000,0.000000,0.500000,0,1,0.000000,0.000000,0.000000
15,spring,0.017100,13,53.358200,0.000000,0.000000,0.500000,1,0,0.000000,0.000000,0.000000
15,spring,0.017100,14,53.600600,0.000000,0.000000,0.500000,1,0,0.000000,0.000000,0.000000
15,spring,0.017100,15,50.698300,0.000000,0.000000,0.500000,0,1,0.000000,0.000000,0.000000
15,spring,0.017100,16,53.086700,0.000000,0.000000,0.500000,0,1,0.000000,0.000000,0.000000
15,spring,0.017100,17,55.289700,0.000000,0.000000,0.500000,0,1,0.000000,0.000000,0.000000
15,spring,0.017100,18,60.813500,0.000000,0.000000,0.500000,1,0,0.000000,0.000000,0.000000
15,spring,0.017100,19,65.956500,0.000000,0.000000,0.500000,0,1,0.000000,0.000000,0.000000
15,spring,0.017100,20,73.541600,0.000000,0.372000,0.100000,0,1,27.357475,10.354000,17.003475
15,spring,0.017100,21,62.893700,0.000000,0.000000,0.100000,0,1,0.000000,0.000000,0.000000
15,spring,0.017100,22,56.278900,0.000000,0.000000,0.100000,1,0,0.000000,0.000000,0.000000
15,spring,0.017100,23,49.126400,0.000000,0.000000,0.100000,1,0,0.000000,0.000000,0.000000
16,spring,0.013000,0,55.123600,0.000000,0.000000,0.500000,0,1,0.000000,0.000000,0.000000
16,spring,0.013000,1,56.211300,0.000000,0.000000,0.500000,0,1,0.000000,0.000000,0.000000
16,spring,0.013000,2,52.706100,0.000000,0.000000,0.500000,1,0,0.000000,0.000000,0.000000
16,spring,0.013000,3,50.650600,0.000000,0.000000,0.500000,1,0,0.000000,0.000000,0.000000
16,spring,0.013000,4,52.617800,0.000000,0.000000,0.500000,0,1,0.000000,0.000000,0.000000
16,spring,0.013000,5,58.045400,0.000000,0.000000,0.500000,0,1,0.000000,0.000000,0.000000
16,spring,0.013000,6,68.267300,0.000000,0.000000,0.500000,0,1,0.000000,0.000000,0.000000
16,spring,0.013000,7,75.841900,0.000000,0.000000,0.500000,1,0,0.000000,0.000000,0.000000
16,spring,0.013000,8,74.976300,0.000000,0.000000,0.500000,0,1,0.000000,0.000000,0.000000
16,spring,0.013000,9,83.431000,0.000000,0.000000,0.500000,0,1,0.000000,0.000000,0.000000
16,spring,0.013000,10,77.724400,0.000000,0.000000,0.500000,0,1,0.000000,0.000000,0.000000
16,spring,0.013000,11,85.102200,0.000000,0.000000,0.500000,1,0,0.000000,0.000000,0.000000
16,spring,0.013000,12,72.631900,0.000000,0.000000,0.500000,0,1,0.000000,0.000000,0.000000
16,spring,0.013000,13,74.592300,0.000000,0.000000,0.500000,0,1,0.000000,0.000000,0.000000
16,spring,0.013000,14,74.139000,0.000000,0.000000,0.500000,0,1,0.000000,0.000000,0.000000
16,spring,0.013000,15,75.838300,0.000000,0.000000,0.500000,1,0,0.000000,0.000000,0.000000
16,spring,0.013000,16,80.606400,0.000000,0.000000,0.500000,1,0,0.000000,0.000000,0.000000
16,spring,0.013000,17,80.476200,0.000000,0.000000,0.500000,0,1,0.000000,0.000000,0.000000
16,spring,0.013000,18,75.085600,0.000000,0.000000,0.500000,0,1,0.000000,0.000000,0.000000
16,spring,0.013000,19,81.306800,0.000000,0.000000,0.500000,0,1,0.000000,0.000000,0.000000
16,spring,0.013000,20,88.789400,0.000000,0.372000,0.100000,0,1,33.029657,10.354000,22.675657
16,spring,0.013000,21,79.797800,0.000000,0.000000,0.100000,0,1,0.000000,0.000000,0.000000
16,spring,0.013000,22,72.723600,0.000000,0.000000,0.100000,0,1,0.000000,0.000000,0.000000
16,spring,0.013000,23,64.993700,0.000000,0.000000,0.100000,0,1,0.000000,0.000000,0.000000
17,spring,0.008200,0,58.648500,0.000000,0.000000,0.500000,1,0,0.000000,0.000000,0.000000
17,spring,0.008200,1,52.572000,0.000000,0.000000,0.500000,0,1,0.000000,0.000000,0.000000
17,spring,0.008200,2,49.864700,0.000000,0.000000,0.500000,0,1,0.000000,0.000000,0.000000
17,spring,0.008200,3,48.133700,0.430108,0.000000,0.900000,1,0,-20.702667,11.971326,-32.673993
17,spring,0.008200,4,48.562900,0.000000,0.000000,0.900000,1,0,0.000000,0.000000,0.000000
17,spring,0.008200,5,55.112400,0.000000,0.000000,0.900000,1,0,0.000000,0.000000,0.000000
17,spring,0.008200,6,63.665000,0.000000,0.000000,0.900000,0,1,0.000000,0.000000,0.000000
17,spring,0.008200,7,67.690500,0.000000,0.000000,0.900000,0,1,0.000000,0.000000,0.000000
17,spring,0.008200,8,77.322500,0.000000,0.000000,0.900000,0,1,0.000000,0.000000,0.000000
17,spring,0.008200,9,79.185800,0.000000,0.000000,0.900000,1,0,0.000000,0.000000,0.000000
17,spring,0.008200,10,95.492600,0.000000,0.000000,0.900000,0,1,0.000000,0.000000,0.000000
17,spring,0.008200,11,99.989400,0.000000,0.000000,0.900000,0,1,0.000000,0.000000,0.000000
17,spring,0.008200,12,111.618900,0.000000,0.000000,0.900000,0,1,0.000000,0.000000,0.000000
17,spring,0.008200,13,111.337800,0.000000,0.000000,0.900000,1,0,0.000000,0.000000,0.000000
17,spring,0.008200,14,117.538700,0.000000,0.000000,0.900000,0,1,0.000000,0.000000,0.000000
17,spring,0.008200,15,121.245500,0.000000,0.000000,0.900000,0,1,0.000000,0.000000,0.000000
17,spring,0.008200,16,126.723500,0.000000,0.244000,0.637634,0,1,30.920534,6.791333,24.129201
17,spring,0.008200,17,127.355300,0.000000,0.500000,0.100000,0,1,63.677650,13.916667,49.760983
17,spring,0.008200,18,123.248100,0.000000,0.000000,0.100000,1,0,0.000000,0.000000,0.000000
17,spring,0.008200,19,110.065200,0.000000,0.000000,0.100000,0,1,0.000000,0.000000,0.000000
17,spring,0.008200,20,100.099000,0.000000,0.000000,0.100000,0,1,0.000000,0.000000,0.000000
17,spring,0.008200,21,95.096700,0.000000,0.000000,0.100000,0,1,0.000000,0.000000,0.000000
17,spring,0.008200,22,85.448900,0.000000,0.000000,0.100000,1,0,0.000000,0.000000,0.000000
17,spring,0.008200,23,75.544700,0.000000,0.000000,0.100000,0,1,0.000000,0.000000,0.000000
18,spring,0.005500,0,41.423300,0.000000,0.000000,0.500000,0,1,0.000000,0.000000,0.000000
18,spring,0.005500,1,39.795700,0.000000,0.000000,0.500000,0,1,0.000000,0.000000,0.000000
18,spring,0.005500,2,34.368000,0.000000,0.000000,0.500000,1,0,0.000000,0.000000,0.000000
18,spring,0.005500,3,31.138100,0.000000,0.000000,0.500000,0,1,0.000000,0.000000,0.000000
18,spring,0.005500,4,29.965900,0.000000,0.000000,0.500000,0,1,0.000000,0.000000,0.000000
18,spring,0.005500,5,30.943400,0.000000,0.000000,0.500000,0,1,0.000000,0.000000,0.000000
18,spring,0.005500,6,33.227400,0.000000,0.000000,0.500000,1,0,0.000000,0.000000,0.000000
18,spring,0.005500,7,35.395100,0.000000,0.000000,0.500000,1,0,0.000000,0.000000,0.000000
18,spring,0.005500,8,35.129300,0.000000,0.000000,0.500000,0,1,0.000000,0.000000,0.000000
18,spring,0.005500,9,44.140000,0.000000,0.000000,0.500000,0,1,0.000000,0.000000,0.000000
18,spring,0.005500,10,74.797300,0.000000,0.000000,0.500000,0,1,0.000000,0.000000,0.000000
18,spring,0.005500,11,52.120400,0.000000,0.000000,0.500000,1,0,0.000000,0.000000,0.000000
18,spring,0.005500,12,64.434400,0.000000,0.000000,0.500000,0,1,0.000000,0.000000,0.000000
18,spring,0.005500,13,78.831500,0.000000,0.000000,0.500000,0,1,0.000000,0.000000,0.000000
18,spring,0.005500,14,67.755100,0.000000,0.000000,0.500000,0,1,0.000000,0.000000,0.000000
18,spring,0.005500,15,84.776300,0.000000,0.000000,0.500000,1,0,0.000000,0.000000,0.000000
18,spring,0.005500,16,91.158900,0.000000,0.000000,0.500000,0,1,0.000000,0.000000,0.000000
18,spring,0.005500,17,89.866700,0.000000,0.000000,0.500000,0,1,0.000000,0.000000,0.000000
18,spring,0.005500,18,87.660400,0.000000,0.000000,0.500000,0,1,0.000000,0.000000,0.000000
18,spring,0.005500,19,93.307600,0.000000,0.372000,0.100000,0,1,34.710427,10.354000,24.356427
18,spring,0.005500,20,74.862500,0.000000,0.000000,0.100000,1,0,0.000000,0.000000,0.000000
18,spring,0.005500,21,71.993500,0.000000,0.000000,0.100000,0,1,0.000000,0.000000,0.000000
18,spring,0.005500,22,63.691100,0.000000,0.000000,0.100000,0,1,0.000000,0.000000,0.000000
18,spring,0.005500,23,54.153600,0.000000,0.000000,0.100000,0,1,0.000000,0.000000,0.000000
19,spring,0.004800,0,22.526700,0.147994,0.000000,0.637634,1,0,-3.333816,4.119166,-7.452982
19,spring,0.004800,1,25.726600,0.000000,0.000000,0.637634,0,1,0.000000,0.000000,0.000000
19,spring,0.004800,2,24.234200,0.000000,0.000000,0.637634,0,1,0.000000,0.000000,0.000000
19,spring,0.004800,3,23.869800,0.000000,0.000000,0.637634,0,1,0.000000,0.000000,0.000000
19,spring,0.004800,4,25.499400,0.000000,0.000000,0.637634,1,0,0.000000,0.000000,0.000000
19,spring,0.004800,5,38.767100,0.000000,0.000000,0.637634,0,1,0.000000,0.000000,0.000000
19,spring,0.004800,6,115.056900,0.000000,0.500000,0.100000,0,1,57.528450,13.916667,43.611783
19,spring,0.004800,7,59.037000,0.000000,0.000000,0.100000,0,1,0.000000,0.000000,0.000000
19,spring,0.004800,8,25.545700,0.000000,0.000000,0.100000,1,0,0.000000,0.000000,0.000000
19,spring,0.004800,9,23.479400,0.000000,0.000000,0.100000,1,0,0.000000,0.000000,0.000000
19,spring,0.004800,10,23.013700,0.000000,0.000000,0.100000,0,1,0.000000,0.000000,0.000000
19,spring,0.004800,11,21.643900,0.000000,0.000000,0.100000,0,1,0.000000,0.000000,0.000000
19,spring,0.004800,12,21.303700,0.000000,0.000000,0.100000,1,0,0.000000,0.000000,0.000000
19,spring,0.004800,13,19.520700,0.000000,0.000000,0.100000,1,0,0.000000,0.000000,0.000000
19,spring,0.004800,14,22.537900,0.000000,0.000000,0.100000,0,1,0.000000,0.000000,0.000000
19,spring,0.004800,15,22.327000,0.000000,0.000000,0.100000,0,1,0.000000,0.000000,0.000000
19,spring,0.004800,16,22.012400,0.000000,0.000000,0.100000,0,1,0.000000,0.000000,0.000000
19,spring,0.004800,17,26.516000,0.000000,0.000000,0.100000,1,0,0.000000,0.000000,0.000000
19,spring,0.004800,18,37.695800,0.000000,0.000000,0.100000,0,1,0.000000,0.000000,0.000000
19,spring,0.004800,19,33.643000,0.000000,0.000000,0.100000,0,1,0.000000,0.000000,0.000000
19,spring,0.004800,20,31.317400,0.000000,0.000000,0.100000,0,1,0.000000,0.000000,0.000000
19,spring,0.004800,21,26.496500,0.000000,0.000000,0.100000,1,0,0.000000,0.000000,0.000000
19,spring,0.004800,22,26.757800,0.000000,0.000000,0.100000,1,0,0.000000,0.000000,0.000000
19,spring,0.004800,23,23.038200,0.000000,0.000000,0.100000,0,1,0.000000,0.000000,0.000000
20,spring,0.004100,0,59.295200,0.000000,0.000000,0.500000,0,1,0.000000,0.000000,0.000000
20,spring,0.004100,1,67.422500,0.000000,0.000000,0.500000,1,0,0.000000,0.000000,0.000000
20,spring,0.004100,2,62.410400,0.000000,0.000000,0.500000,1,0,0.000000,0.000000,0.000000
20,spring,0.004100,3,61.924000,0.000000,0.000000,0.500000,0,1,0.000000,0.000000,0.000000
20,spring,0.004100,4,66.420700,0.000000,0.000000,0.500000,0,1,0.000000,0.000000,0.000000
20,spring,0.004100,5,63.089700,0.000000,0.000000,0.500000,0,1,0.000000,0.000000,0.000000
20,spring,0.004100,6,80.753800,0.000000,0.000000,0.500000,1,0,0.000000,0.000000,0.000000
20,spring,0.004100,7,81.335400,0.000000,0.372000,0.100000,0,1,30.256769,10.354000,19.902769
20,spring,0.004100,8,54.037700,0.000000,0.000000,0.100000,0,1,0.000000,0.000000,0.000000
20,spring,0.004100,9,53.667000,0.000000,0.000000,0.100000,0,1,0.000000,0.000000,0.000000
20,spring,0.004100,10,53.723700,0.000000,0.000000,0.100000,1,0,0.000000,0.000000,0.000000
20,spring,0.004100,11,49.478900,0.000000,0.000000,0.100000,0,1,0.000000,0.000000,0.000000
20,spring,0.004100,12,48.980600,0.000000,0.000000,0.100000,0,1,0.000000,0.000000,0.000000
20,spring,0.004100,13,47.512000,0.000000,0.000000,0.100000,0,1,0.000000,0.000000,0.000000
20,spring,0.004100,14,43.517500,0.000000,0.000000,0.100000,1,0,0.000000,0.000000,0.000000
20,spring,0.004100,15,46.057400,0.000000,0.000000,0.100000,1,0,0.000000,0.000000,0.000000
20,spring,0.004100,16,43.693000,0.000000,0.000000,0.100000,0,1,0.000000,0.000000,0.000000
20,spring,0.004100,17,43.055000,0.000000,0.000000,0.100000,0,1,0.000000,0.000000,0.000000
20,spring,0.004100,18,49.521000,0.000000,0.000000,0.100000,0,1,0.000000,0.000000,0.000000
20,spring,0.004100,19,65.470400,0.000000,0.000000,0.100000,1,0,0.000000,0.000000,0.000000
20,spring,0.004100,20,76.388900,0.000000,0.000000,0.100000,0,1,0.000000,0.000000,0.000000
20,spring,0.004100,21,69.839200,0.000000,0.000000,0.100000,0,1,0.000000,0.000000,0.000000
20,spring,0.004100,22,53.817800,0.000000,0.000000,0.100000,0,1,0.000000,0.000000,0.000000
20,spring,0.004100,23,47.091700,0.000000,0.000000,0.100000,1,0,0.000000,0.000000,0.000000
21,summer,0.083600,0,15.920400,0.000000,0.000000,0.500000,0,1,0.000000,0.000000,0.000000
21,summer,0.083600,1,15.456400,0.000000,0.000000,0.500000,0,1,0.000000,0.000000,0.000000
21,summer,0.083600,2,14.295100,0.000000,0.000000,0.500000,0,1,0.000000,0.000000,0.000000
21,summer,0.083600,3,13.264300,0.000000,0.000000,0.500000,1,0,0.000000,0.000000,0.000000
21,summer,0.083600,4,13.073700,0.000000,0.000000,0.500000,1,0,0.000000,0.000000,0.000000
21,summer,0.083600,5,13.874700,0.000000,0.000000,0.500000,0,1,0.000000,0.000000,0.000000
21,summer,0.083600,6,14.484700,0.000000,0.000000,0.500000,0,1,0.000000,0.000000,0.000000
21,summer,0.083600,7,15.318500,0.000000,0.000000,0.500000,0,1,0.000000,0.000000,0.000000
21,summer,0.083600,8,17.377300,0.000000,0.000000,0.500000,1,0,0.000000,0.000000,0.000000
21,summer,0.083600,9,19.082400,0.000000,0.000000,0.500000,0,1,0.000000,0.000000,0.000000
21,summer,0.083600,10,21.181700,0.000000,0.000000,0.500000,0,1,0.000000,0.000000,0.000000
21,summer,0.083600,11,24.613000,0.000000,0.000000,0.500000,0,1,0.000000,0.000000,0.000000
21,summer,0.083600,12,26.216900,0.000000,0.000000,0.500000,1,0,0.000000,0.000000,0.000000
21,summer,0.083600,13,26.249100,0.000000,0.000000,0.500000,0,1,0.000000,0.000000,0.000000
21,summer,0.083600,14,26.424700,0.000000,0.000000,0.500000,0,1,0.000000,0.000000,0.000000
21,summer,0.083600,15,28.750200,0.000000,0.000000,0.500000,0,1,0.000000,0.000000,0.000000
21,summer,0.083600,16,34.263300,0.000000,0.000000,0.500000,1,0,0.000000,0.000000,0.000000
21,summer,0.083600,17,36.264900,0.000000,0.372000,0.100000,0,1,13.490543,10.354000,3.136543
21,summer,0.083600,18,31.238200,0.000000,0.000000,0.100000,0,1,0.000000,0.000000,0.000000
21,summer,0.083600,19,26.504000,0.000000,0.000000,0.100000,0,1,0.000000,0.000000,0.000000
21,summer,0.083600,20,25.467600,0.000000,0.000000,0.100000,0,1,0.000000,0.000000,0.000000
21,summer,0.083600,21,23.708800,0.000000,0.000000,0.100000,1,0,0.000000,0.000000,0.000000
21,summer,0.083600,22,19.922200,0.000000,0.000000,0.100000,0,1,0.000000,0.000000,0.000000
21,summer,0.083600,23,17.593700,0.000000,0.000000,0.100000,0,1,0.000000,0.000000,0.000000
22,summer,0.052100,0,23.435600,0.000000,0.000000,0.500000,0,1,0.000000,0.000000,0.000000
22,summer,0.052100,1,22.283100,0.000000,0.000000,0.500000,1,0,0.000000,0.000000,0.000000
22,summer,0.052100,2,20.173400,0.000000,0.000000,0.500000,0,1,0.000000,0.000000,0.000000
22,summer,0.052100,3,18.846800,0.000000,0.000000,0.500000,0,1,0.000000,0.000000,0.000000
22,summer,0.052100,4,18.984200,0.000000,0.000000,0.500000,0,1,0.000000,0.000000,0.000000
22,summer,0.052100,5,20.582600,0.000000,0.000000,0.500000,1,0,0.000000,0.000000,0.000000
22,summer,0.052100,6,21.749400,0.000000,0.000000,0.500000,1,0,0.000000,0.000000,0.000000
22,summer,0.052100,7,23.008500,0.000000,0.000000,0.500000,0,1,0.000000,0.000000,0.000000
22,summer,0.052100,8,25.462100,0.000000,0.000000,0.500000,0,1,0.000000,0.000000,0.000000
22,summer,0.052100,9,27.978000,0.000000,0.000000,0.500000,0,1,0.000000,0.000000,0.000000
22,summer,0.052100,10,32.310900,0.000000,0.000000,0.500000,1,0,0.000000,0.000000,0.000000
22,summer,0.052100,11,34.865000,0.000000,0.000000,0.500000,0,1,0.000000,0.000000,0.000000
22,summer,0.052100,12,39.100400,0.000000,0.000000,0.500000,0,1,0.000000,0.000000,0.000000
22,summer,0.052100,13,43.429900,0.000000,0.372000,0.100000,0,1,16.155923,10.354000,5.801923
22,summer,0.052100,14,41.149600,0.000000,0.000000,0.100000,1,0,0.000000,0.000000,0.000000
22,summer,0.052100,15,42.837100,0.000000,0.000000,0.100000,0,1,0.000000,0.000000,0.000000
22,summer,0.052100,16,41.771300,0.000000,0.000000,0.100000,0,1,0.000000,0.000000,0.000000
22,summer,0.052100,17,43.025600,0.000000,0.000000,0.100000,0,1,0.000000,0.000000,0.000000
22,summer,0.052100,18,39.000400,0.000000,0.000000,0.100000,1,0,0.000000,0.000000,0.000000
22,summer,0.052100,19,36.480300,0.000000,0.000000,0.100000,1,0,0.000000,0.000000,0.000000
22,summer,0.052100,20,34.164200,0.000000,0.000000,0.100000,0,1,0.000000,0.000000,0.000000
22,summer,0.052100,21,31.857900,0.000000,0.000000,0.100000,0,1,0.000000,0.000000,0.000000
22,summer,0.052100,22,27.969800,0.000000,0.000000,0.100000,0,1,0.000000,0.000000,0.000000
22,summer,0.052100,23,25.113500,0.000000,0.000000,0.100000,1,0,0.000000,0.000000,0.000000
23,summer,0.026000,0,20.195000,0.000000,0.000000,0.500000,0,1,0.000000,0.000000,0.000000
23,summer,0.026000,1,20.030300,0.000000,0.000000,0.500000,0,1,0.000000,0.000000,0.000000
23,summer,0.026000,2,17.856700,0.000000,0.000000,0.500000,0,1,0.000000,0.000000,0.000000
23,summer,0.026000,3,16.721400,0.000000,0.000000,0.500000,1,0,0.000000,0.000000,0.000000
23,summer,0.026000,4,16.367100,0.000000,0.000000,0.500000,0,1,0.000000,0.000000,0.000000
23,summer,0.026000,5,17.555300,0.000000,0.000000,0.500000,0,1,0.000000,0.000000,0.000000
23,summer,0.026000,6,18.512600,0.000000,0.000000,0.500000,0,1,0.000000,0.000000,0.000000
23,summer,0.026000,7,19.017500,0.000000,0.000000,0.500000,1,0,0.000000,0.000000,0.000000
23,summer,0.026000,8,22.934200,0.000000,0.000000,0.500000,1,0,0.000000,0.000000,0.000000
23,summer,0.026000,9,23.543800,0.000000,0.000000,0.500000,0,1,0.000000,0.000000,0.000000
23,summer,0.026000,10,26.699500,0.000000,0.000000,0.500000,0,1,0.000000,0.000000,0.000000
23,summer,0.026000,11,31.939700,0.000000,0.000000,0.500000,1,0,0.000000,0.000000,0.000000
23,summer,0.026000,12,40.431700,0.000000,0.000000,0.500000,1,0,0.000000,0.000000,0.000000
23,summer,0.026000,13,42.101200,0.000000,0.000000,0.500000,0,1,0.000000,0.000000,0.000000
23,summer,0.026000,14,43.141100,0.000000,0.000000,0.500000,0,1,0.000000,0.000000,0.000000
23,summer,0.026000,15,50.434600,0.000000,0.000000,0.500000,0,1,0.000000,0.000000,0.000000
23,summer,0.026000,16,70.378200,0.000000,0.000000,0.500000,1,0,0.000000,0.000000,0.000000
23,summer,0.026000,17,73.725900,0.000000,0.372000,0.100000,0,1,27.426035,10.354000,17.072035
23,summer,0.026000,18,69.725800,0.000000,0.000000,0.100000,0,1,0.000000,0.000000,0.000000
23,summer,0.026000,19,46.266300,0.000000,0.000000,0.100000,0,1,0.000000,0.000000,0.000000
23,summer,0.026000,20,35.227700,0.000000,0.000000,0.100000,1,0,0.000000,0.000000,0.000000
23,summer,0.026000,21,34.107900,0.000000,0.000000,0.100000,1,0,0.000000,0.000000,0.000000
23,summer,0.026000,22,30.182100,0.000000,0.000000,0.100000,0,1,0.000000,0.000000,0.000000
23,summer,0.026000,23,25.796400,0.000000,0.000000,0.100000,0,1,0.000000,0.000000,0.000000
24,summer,0.024700,0,33.779000,0.000000,0.000000,0.500000,1,0,0.000000,0.000000,0.000000
24,summer,0.024700,1,30.502400,0.000000,0.000000,0.500000,1,0,0.000000,0.000000,0.000000
24,summer,0.024700,2,27.666900,0.000000,0.000000,0.500000,0,1,0.000000,0.000000,0.000000
24,summer,0.024700,3,26.273600,0.000000,0.000000,0.500000,0,1,0.000000,0.000000,0.000000
24,summer,0.024700,4,26.128200,0.000000,0.000000,0.500000,0,1,0.000000,0.000000,0.000000
24,summer,0.024700,5,28.079100,0.000000,0.000000,0.500000,1,0,0.000000,0.000000,0.000000
24,summer,0.024700,6,30.655500,0.000000,0.000000,0.500000,0,1,0.000000,0.000000,0.000000
24,summer,0.024700,7,30.715100,0.000000,0.000000,0.500000,0,1,0.000000,0.000000,0.000000
24,summer,0.024700,8,34.266500,0.000000,0.000000,0.500000,0,1,0.000000,0.000000,0.000000
24,summer,0.024700,9,37.215500,0.000000,0.000000,0.500000,1,0,0.000000,0.000000,0.000000
24,summer,0.024700,10,41.651700,0.000000,0.000000,0.500000,1,0,0.000000,0.000000,0.000000
24,summer,0.024700,11,50.862700,0.000000,0.000000,0.500000,0,1,0.000000,0.000000,0.000000
24,summer,0.024700,12,52.165300,0.000000,0.000000,0.500000,0,1,0.000000,0.000000,0.000000
24,summer,0.024700,13,53.365300,0.000000,0.000000,0.500000,1,0,0.000000,0.000000,0.000000
24,summer,0.024700,14,56.242000,0.000000,0.000000,0.500000,1,0,0.000000,0.000000,0.000000
24,summer,0.024700,15,64.732000,0.000000,0.000000,0.500000,0,1,0.000000,0.000000,0.000000
24,summer,0.024700,16,77.945000,0.000000,0.372000,0.100000,0,1,28.995540,10.354000,18.641540
24,summer,0.024700,17,67.935200,0.000000,0.000000,0.100000,0,1,0.000000,0.000000,0.000000
24,summer,0.024700,18,61.384400,0.000000,0.000000,0.100000,1,0,0.000000,0.000000,0.000000
24,summer,0.024700,19,53.382100,0.000000,0.000000,0.100000,0,1,0.000000,0.000000,0.000000
24,summer,0.024700,20,47.373900,0.000000,0.000000,0.100000,0,1,0.000000,0.000000,0.000000
24,summer,0.024700,21,45.620400,0.000000,0.000000,0.100000,0,1,0.000000,0.000000,0.000000
24,summer,0.024700,22,39.738700,0.000000,0.000000,0.100000,1,0,0.000000,0.000000,0.000000
24,summer,0.024700,23,35.609700,0.000000,0.000000,0.100000,1,0,0.000000,0.000000,0.000000
25,summer,0.020500,0,61.186500,0.000000,0.000000,0.500000,0,1,0.000000,0.000000,0.000000
25,summer,0.020500,1,58.271400,0.000000,0.000000,0.500000,0,1,0.000000,0.000000,0.000000
25,summer,0.020500,2,51.672300,0.000000,0.000000,0.500000,1,0,0.000000,0.000000,0.000000
25,summer,0.020500,3,49.547100,0.000000,0.000000,0.500000,1,0,0.000000,0.000000,0.000000
25,summer,0.020500,4,49.442200,0.000000,0.000000,0.500000,0,1,0.000000,0.000000,0.000000
25,summer,0.020500,5,52.542300,0.000000,0.000000,0.500000,0,1,0.000000,0.000000,0.000000
25,summer,0.020500,6,52.400900,0.000000,0.000000,0.500000,0,1,0.000000,0.000000,0.000000
25,summer,0.020500,7,56.036400,0.000000,0.000000,0.500000,1,0,0.000000,0.000000,0.000000
25,summer,0.020500,8,58.959500,0.000000,0.000000,0.500000,0,1,0.000000,0.000000,0.000000
25,summer,0.020500,9,64.112900,0.000000,0.000000,0.500000,0,1,0.000000,0.000000,0.000000
25,summer,0.020500,10,71.813600,0.000000,0.000000,0.500000,0,1,0.000000,0.000000,0.000000
25,summer,0.020500,11,82.182700,0.000000,0.000000,0.500000,1,0,0.000000,0.000000,0.000000
25,summer,0.020500,12,83.490000,0.000000,0.000000,0.500000,0,1,0.000000,0.000000,0.000000
25,summer,0.020500,13,85.480800,0.000000,0.000000,0.500000,0,1,0.000000,0.000000,0.000000
25,summer,0.020500,14,88.627500,0.000000,0.000000,0.500000,0,1,0.000000,0.000000,0.000000
25,summer,0.020500,15,96.019700,0.000000,0.000000,0.500000,1,0,0.000000,0.000000,0.000000
25,summer,0.020500,16,102.917900,0.000000,0.000000,0.500000,1,0,0.000000,0.000000,0.000000
25,summer,0.020500,17,107.570200,0.000000,0.372000,0.100000,0,1,40.016114,10.354000,29.662114
25,summer,0.020500,18,101.010700,0.000000,0.000000,0.100000,0,1,0.000000,0.000000,0.000000
25,summer,0.020500,19,92.232300,0.000000,0.000000,0.100000,0,1,0.000000,0.000000,0.000000
25,summer,0.020500,20,85.248900,0.000000,0.000000,0.100000,1,0,0.000000,0.000000,0.000000
25,summer,0.020500,21,81.929500,0.000000,0.000000,0.100000,0,1,0.000000,0.000000,0.000000
25,summer,0.020500,22,69.713600,0.000000,0.000000,0.100000,0,1,0.000000,0.000000,0.000000
25,summer,0.020500,23,62.859600,0.000000,0.000000,0.100000,0,1,0.000000,0.000000,0.000000
26,summer,0.015100,0,72.984700,0.000000,0.000000,0.500000,1,0,0.000000,0.000000,0.000000
26,summer,0.015100,1,67.933700,0.000000,0.000000,0.500000,0,1,0.000000,0.000000,0.000000
26,summer,0.015100,2,59.058900,0.000000,0.000000,0.500000,0,1,0.000000,0.000000,0.000000
26,summer,0.015100,3,54.742100,0.430108,0.000000,0.900000,1,0,-23.544989,11.971326,-35.516315
26,summer,0.015100,4,54.880100,0.000000,0.000000,0.900000,1,0,0.000000,0.000000,0.000000
26,summer,0.015100,5,61.739800,0.000000,0.000000,0.900000,1,0,0.000000,0.000000,0.000000
26,summer,0.015100,6,67.908800,0.000000,0.000000,0.900000,0,1,0.000000,0.000000,0.000000
26,summer,0.015100,7,73.876600,0.000000,0.000000,0.900000,0,1,0.000000,0.000000,0.000000
26,summer,0.015100,8,77.319800,0.000000,0.000000,0.900000,0,1,0.000000,0.000000,0.000000
26,summer,0.015100,9,86.081200,0.000000,0.000000,0.900000,1,0,0.000000,0.000000,0.000000
26,summer,0.015100,10,96.298300,0.000000,0.000000,0.900000,0,1,0.000000,0.000000,0.000000
26,summer,0.015100,11,99.245900,0.000000,0.000000,0.900000,0,1,0.000000,0.000000,0.000000
26,summer,0.015100,12,103.156200,0.000000,0.000000,0.900000,0,1,0.000000,0.000000,0.000000
26,summer,0.015100,13,114.041400,0.000000,0.000000,0.900000,1,0,0.000000,0.000000,0.000000
26,summer,0.015100,14,117.320500,0.000000,0.000000,0.900000,0,1,0.000000,0.000000,0.000000
26,summer,0.015100,15,132.301600,0.000000,0.000000,0.900000,0,1,0.000000,0.000000,0.000000
26,summer,0.015100,16,136.751000,0.000000,0.500000,0.362366,0,1,68.375500,13.916667,54.458833
26,summer,0.015100,17,133.311200,0.000000,0.244000,0.100000,0,1,32.527933,6.791333,25.736599
26,summer,0.015100,18,120.764000,0.000000,0.000000,0.100000,1,0,0.000000,0.000000,0.000000
26,summer,0.015100,19,109.505600,0.000000,0.000000,0.100000,0,1,0.000000,0.000000,0.000000
26,summer,0.015100,20,108.481200,0.000000,0.000000,0.100000,0,1,0.000000,0.000000,0.000000
26,summer,0.015100,21,99.462500,0.000000,0.000000,0.100000,0,1,0.000000,0.000000,0.000000
26,summer,0.015100,22,80.343400,0.000000,0.000000,0.100000,1,0,0.000000,0.000000,0.000000
26,summer,0.015100,23,71.900300,0.000000,0.000000,0.100000,0,1,0.000000,0.000000,0.000000
27,summer,0.011600,0,69.627800,0.000000,0.000000,0.500000,0,1,0.000000,0.000000,0.000000
27,summer,0.011600,1,61.623600,0.000000,0.000000,0.500000,0,1,0.000000,0.000000,0.000000
27,summer,0.011600,2,55.495300,0.000000,0.000000,0.500000,1,0,0.000000,0.000000,0.000000
27,summer,0.011600,3,52.179800,0.000000,0.000000,0.500000,0,1,0.000000,0.000000,0.000000
27,summer,0.011600,4,52.007800,0.430108,0.000000,0.900000,1,0,-22.368946,11.971326,-34.340272
27,summer,0.011600,5,56.530100,0.000000,0.000000,0.900000,0,1,0.000000,0.000000,0.000000
27,summer,0.011600,6,62.378200,0.000000,0.000000,0.900000,1,0,0.000000,0.000000,0.000000
27,summer,0.011600,7,65.071400,0.000000,0.000000,0.900000,1,0,0.000000,0.000000,0.000000
27,summer,0.011600,8,76.293300,0.000000,0.000000,0.900000,0,1,0.000000,0.000000,0.000000
27,summer,0.011600,9,87.105100,0.000000,0.000000,0.900000,0,1,0.000000,0.000000,0.000000
27,summer,0.011600,10,92.140400,0.000000,0.000000,0.900000,0,1,0.000000,0.000000,0.000000
27,summer,0.011600,11,110.988000,0.000000,0.000000,0.900000,1,0,0.000000,0.000000,0.000000
27,summer,0.011600,12,120.207900,0.000000,0.000000,0.900000,0,1,0.000000,0.000000,0.000000
27,summer,0.011600,13,133.394600,0.000000,0.000000,0.900000,0,1,0.000000,0.000000,0.000000
27,summer,0.011600,14,138.287200,0.000000,0.000000,0.900000,0,1,0.000000,0.000000,0.000000
27,summer,0.011600,15,145.150600,0.000000,0.000000,0.900000,1,0,0.000000,0.000000,0.000000
27,summer,0.011600,16,149.689800,0.000000,0.244000,0.637634,0,1,36.524311,6.791333,29.732978
27,summer,0.011600,17,151.507400,0.000000,0.500000,0.100000,0,1,75.753700,13.916667,61.837033
27,summer,0.011600,18,144.101100,0.000000,0.000000,0.100000,0,1,0.000000,0.000000,0.000000
27,summer,0.011600,19,142.089000,0.000000,0.000000,0.100000,1,0,0.000000,0.000000,0.000000
27,summer,0.011600,20,133.043900,0.000000,0.000000,0.100000,1,0,0.000000,0.000000,0.000000
27,summer,0.011600,21,119.788800,0.000000,0.000000,0.100000,0,1,0.000000,0.000000,0.000000
27,summer,0.011600,22,100.075600,0.000000,0.000000,0.100000,0,1,0.000000,0.000000,0.000000
27,summer,0.011600,23,89.955100,0.000000,0.000000,0.100000,0,1,0.000000,0.000000,0.000000
28,summer,0.006800,0,33.634400,0.000000,0.000000,0.500000,1,0,0.000000,0.000000,0.000000
28,summer,0.006800,1,31.050000,0.000000,0.000000,0.500000,0,1,0.000000,0.000000,0.000000
28,summer,0.006800,2,26.452200,0.000000,0.000000,0.500000,0,1,0.000000,0.000000,0.000000
28,summer,0.006800,3,25.044500,0.430108,0.000000,0.900000,1,0,-10.771828,11.971326,-22.743154
28,summer,0.006800,4,25.431000,0.000000,0.000000,0.900000,1,0,0.000000,0.000000,0.000000
28,summer,0.006800,5,28.105700,0.000000,0.000000,0.900000,0,1,0.000000,0.000000,0.000000
28,summer,0.006800,6,30.151000,0.000000,0.000000,0.900000,0,1,0.000000,0.000000,0.000000
28,summer,0.006800,7,32.194300,0.000000,0.000000,0.900000,0,1,0.000000,0.000000,0.000000
28,summer,0.006800,8,39.331300,0.000000,0.000000,0.900000,1,0,0.000000,0.000000,0.000000
28,summer,0.006800,9,41.585900,0.000000,0.000000,0.900000,1,0,0.000000,0.000000,0.000000
28,summer,0.006800,10,66.482500,0.000000,0.000000,0.900000,0,1,0.000000,0.000000,0.000000
28,summer,0.006800,11,71.435200,0.000000,0.000000,0.900000,0,1,0.000000,0.000000,0.000000
28,summer,0.006800,12,61.670000,0.000000,0.000000,0.900000,1,0,0.000000,0.000000,0.000000
28,summer,0.006800,13,78.901700,0.000000,0.000000,0.900000,1,0,0.000000,0.000000,0.000000
28,summer,0.006800,14,75.629200,0.000000,0.000000,0.900000,0,1,0.000000,0.000000,0.000000
28,summer,0.006800,15,92.532000,0.000000,0.000000,0.900000,0,1,0.000000,0.000000,0.000000
28,summer,0.006800,16,116.650600,0.000000,0.000000,0.900000,0,1,0.000000,0.000000,0.000000
28,summer,0.006800,17,136.429500,0.000000,0.500000,0.362366,0,1,68.214750,13.916667,54.298083
28,summer,0.006800,18,118.482800,0.000000,0.244000,0.100000,0,1,28.909803,6.791333,22.118470
28,summer,0.006800,19,66.048900,0.000000,0.000000,0.100000,0,1,0.000000,0.000000,0.000000
28,summer,0.006800,20,49.477200,0.000000,0.000000,0.100000,0,1,0.000000,0.000000,0.000000
28,summer,0.006800,21,48.611600,0.000000,0.000000,0.100000,1,0,0.000000,0.000000,0.000000
28,summer,0.006800,22,42.705700,0.000000,0.000000,0.100000,1,0,0.000000,0.000000,0.000000
28,summer,0.006800,23,36.778400,0.000000,0.000000,0.100000,0,1,0.000000,0.000000,0.000000
29,summer,0.006200,0,88.132600,0.000000,0.000000,0.500000,0,1,0.000000,0.000000,0.000000
29,summer,0.006200,1,77.927400,0.000000,0.000000,0.500000,1,0,0.000000,0.000000,0.000000
29,summer,0.006200,2,66.883900,0.000000,0.000000,0.500000,1,0,0.000000,0.000000,0.000000
29,summer,0.006200,3,63.482400,0.430108,0.000000,0.900000,1,0,-27.304258,11.971326,-39.275584
29,summer,0.006200,4,65.953000,0.000000,0.000000,0.900000,0,1,0.000000,0.000000,0.000000
29,summer,0.006200,5,80.941400,0.000000,0.000000,0.900000,0,1,0.000000,0.000000,0.000000
29,summer,0.006200,6,93.504400,0.000000,0.000000,0.900000,1,0,0.000000,0.000000,0.000000
29,summer,0.006200,7,95.948600,0.000000,0.000000,0.900000,0,1,0.000000,0.000000,0.000000
29,summer,0.006200,8,99.840600,0.000000,0.000000,0.900000,0,1,0.000000,0.000000,0.000000
29,summer,0.006200,9,113.688400,0.000000,0.000000,0.900000,0,1,0.000000,0.000000,0.000000
29,summer,0.006200,10,119.554000,0.000000,0.000000,0.900000,1,0,0.000000,0.000000,0.000000
29,summer,0.006200,11,136.659200,0.000000,0.000000,0.900000,0,1,0.000000,0.000000,0.000000
29,summer,0.006200,12,141.615800,0.000000,0.000000,0.900000,0,1,0.000000,0.000000,0.000000
29,summer,0.006200,13,142.225500,0.000000,0.000000,0.900000,0,1,0.000000,0.000000,0.000000
29,summer,0.006200,14,146.325800,0.000000,0.000000,0.900000,1,0,0.000000,0.000000,0.000000
29,summer,0.006200,15,149.545400,0.000000,0.500000,0.362366,0,1,74.772700,13.916667,60.856033
29,summer,0.006200,16,149.420800,0.000000,0.244000,0.100000,0,1,36.458675,6.791333,29.667342
29,summer,0.006200,17,148.110000,0.000000,0.000000,0.100000,0,1,0.000000,0.000000,0.000000
29,summer,0.006200,18,144.811800,0.000000,0.000000,0.100000,0,1,0.000000,0.000000,0.000000
29,summer,0.006200,19,133.061400,0.000000,0.000000,0.100000,1,0,0.000000,0.000000,0.000000
29,summer,0.006200,20,120.410700,0.000000,0.000000,0.100000,0,1,0.000000,0.000000,0.000000
29,summer,0.006200,21,103.898200,0.000000,0.000000,0.100000,0,1,0.000000,0.000000,0.000000
29,summer,0.006200,22,96.972100,0.000000,0.000000,0.100000,0,1,0.000000,0.000000,0.000000
29,summer,0.006200,23,92.429900,0.000000,0.000000,0.100000,1,0,0.000000,0.000000,0.000000
30,summer,0.005500,0,44.699100,0.000000,0.000000,0.500000,0,1,0.000000,0.000000,0.000000
30,summer,0.005500,1,39.201300,0.000000,0.000000,0.500000,0,1,0.000000,0.000000,0.000000
30,summer,0.005500,2,33.791100,0.000000,0.000000,0.500000,0,1,0.000000,0.000000,0.000000
30,summer,0.005500,3,32.157000,0.430108,0.000000,0.900000,1,0,-13.830968,11.971326,-25.802294
30,summer,0.005500,4,34.012600,0.000000,0.000000,0.900000,1,0,0.000000,0.000000,0.000000
30,summer,0.005500,5,37.296900,0.000000,0.000000,0.900000,0,1,0.000000,0.000000,0.000000
30,summer,0.005500,6,40.234500,0.000000,0.000000,0.900000,0,1,0.000000,0.000000,0.000000
30,summer,0.005500,7,44.287800,0.000000,0.000000,0.900000,0,1,0.000000,0.000000,0.000000
30,summer,0.005500,8,50.115500,0.000000,0.000000,0.900000,1,0,0.000000,0.000000,0.000000
30,summer,0.005500,9,58.212400,0.000000,0.000000,0.900000,0,1,0.000000,0.000000,0.000000
30,summer,0.005500,10,69.250500,0.000000,0.000000,0.900000,0,1,0.000000,0.000000,0.000000
30,summer,0.005500,11,74.109900,0.000000,0.000000,0.900000,0,1,0.000000,0.000000,0.000000
30,summer,0.005500,12,91.327000,0.000000,0.000000,0.900000,1,0,0.000000,0.000000,0.000000
30,summer,0.005500,13,97.943100,0.000000,0.000000,0.900000,0,1,0.000000,0.000000,0.000000
30,summer,0.005500,14,110.614800,0.000000,0.000000,0.900000,0,1,0.000000,0.000000,0.000000
30,summer,0.005500,15,117.785700,0.000000,0.000000,0.900000,0,1,0.000000,0.000000,0.000000
30,summer,0.005500,16,138.959200,0.000000,0.500000,0.362366,0,1,69.479600,13.916667,55.562933
30,summer,0.005500,17,136.624100,0.000000,0.244000,0.100000,0,1,33.336280,6.791333,26.544947
30,summer,0.005500,18,122.568700,0.000000,0.000000,0.100000,0,1,0.000000,0.000000,0.000000
30,summer,0.005500,19,112.699300,0.000000,0.000000,0.100000,0,1,0.000000,0.000000,0.000000
30,summer,0.005500,20,98.968900,0.000000,0.000000,0.100000,0,1,0.000000,0.000000,0.000000
30,summer,0.005500,21,92.963200,0.000000,0.000000,0.100000,1,0,0.000000,0.000000,0.000000
30,summer,0.005500,22,74.952900,0.000000,0.000000,0.100000,0,1,0.000000,0.000000,0.000000
30,summer,0.005500,23,64.638500,0.000000,0.000000,0.100000,0,1,0.000000,0.000000,0.000000
31,fall,0.065800,0,16.780200,0.000000,0.000000,0.500000,0,1,0.000000,0.000000,0.000000
31,fall,0.065800,1,15.545900,0.000000,0.000000,0.500000,1,0,0.000000,0.000000,0.000000
31,fall,0.065800,2,13.820700,0.000000,0.000000,0.500000,0,1,0.000000,0.000000,0.000000
31,fall,0.065800,3,13.589100,0.000000,0.000000,0.500000,0,1,0.000000,0.000000,0.000000
31,fall,0.065800,4,14.184300,0.000000,0.000000,0.500000,0,1,0.000000,0.000000,0.000000
31,fall,0.065800,5,15.167700,0.000000,0.000000,0.500000,1,0,0.000000,0.000000,0.000000
31,fall,0.065800,6,18.790700,0.000000,0.000000,0.500000,1,0,0.000000,0.000000,0.000000
31,fall,0.065800,7,18.896300,0.000000,0.000000,0.500000,0,1,0.000000,0.000000,0.000000
31,fall,0.065800,8,17.222000,0.000000,0.000000,0.500000,0,1,0.000000,0.000000,0.000000
31,fall,0.065800,9,18.902900,0.000000,0.000000,0.500000,0,1,0.000000,0.000000,0.000000
31,fall,0.065800,10,20.993500,0.000000,0.000000,0.500000,1,0,0.000000,0.000000,0.000000
31,fall,0.065800,11,20.037300,0.000000,0.000000,0.500000,0,1,0.000000,0.000000,0.000000
31,fall,0.065800,12,21.569600,0.000000,0.000000,0.500000,0,1,0.000000,0.000000,0.000000
31,fall,0.065800,13,21.375100,0.000000,0.000000,0.500000,0,1,0.000000,0.000000,0.000000
31,fall,0.065800,14,20.708700,0.000000,0.000000,0.500000,1,0,0.000000,0.000000,0.000000
31,fall,0.065800,15,21.367100,0.000000,0.000000,0.500000,0,1,0.000000,0.000000,0.000000
31,fall,0.065800,16,23.839100,0.000000,0.000000,0.500000,0,1,0.000000,0.000000,0.000000
31,fall,0.065800,17,30.096500,0.000000,0.372000,0.100000,0,1,11.195898,10.354000,0.841898
31,fall,0.065800,18,27.262200,0.000000,0.000000,0.100000,1,0,0.000000,0.000000,0.000000
31,fall,0.065800,19,25.783700,0.000000,0.000000,0.100000,1,0,0.000000,0.000000,0.000000
31,fall,0.065800,20,21.511700,0.000000,0.000000,0.100000,0,1,0.000000,0.000000,0.000000
31,fall,0.065800,21,18.558100,0.000000,0.000000,0.100000,0,1,0.000000,0.000000,0.000000
31,fall,0.065800,22,16.945000,0.000000,0.000000,0.100000,0,1,0.000000,0.000000,0.000000
31,fall,0.065800,23,15.328300,0.000000,0.000000,0.100000,1,0,0.000000,0.000000,0.000000
32,fall,0.054100,0,23.497700,0.000000,0.000000,0.500000,0,1,0.000000,0.000000,0.000000
32,fall,0.054100,1,24.816000,0.000000,0.000000,0.500000,0,1,0.000000,0.000000,0.000000
32,fall,0.054100,2,21.350900,0.000000,0.000000,0.500000,0,1,0.000000,0.000000,0.000000
32,fall,0.054100,3,21.170900,0.000000,0.000000,0.500000,1,0,0.000000,0.000000,0.000000
32,fall,0.054100,4,21.777100,0.000000,0.000000,0.500000,0,1,0.000000,0.000000,0.000000
32,fall,0.054100,5,24.906200,0.000000,0.000000,0.500000,0,1,0.000000,0.000000,0.000000
32,fall,0.054100,6,31.813000,0.000000,0.000000,0.500000,0,1,0.000000,0.000000,0.000000
32,fall,0.054100,7,36.450200,0.000000,0.000000,0.500000,1,0,0.000000,0.000000,0.000000
32,fall,0.054100,8,31.994100,0.000000,0.000000,0.500000,1,0,0.000000,0.000000,0.000000
32,fall,0.054100,9,29.356900,0.000000,0.000000,0.500000,0,1,0.000000,0.000000,0.000000
32,fall,0.054100,10,30.073200,0.000000,0.000000,0.500000,0,1,0.000000,0.000000,0.000000
32,fall,0.054100,11,34.892300,0.000000,0.000000,0.500000,1,0,0.000000,0.000000,0.000000
32,fall,0.054100,12,32.374000,0.000000,0.000000,0.500000,1,0,0.000000,0.000000,0.000000
32,fall,0.054100,13,31.060400,0.000000,0.000000,0.500000,0,1,0.000000,0.000000,0.000000
32,fall,0.054100,14,29.766300,0.000000,0.000000,0.500000,0,1,0.000000,0.000000,0.000000
32,fall,0.054100,15,29.460100,0.000000,0.000000,0.500000,0,1,0.000000,0.000000,0.000000
32,fall,0.054100,16,31.320700,0.000000,0.000000,0.500000,1,0,0.000000,0.000000,0.000000
32,fall,0.054100,17,37.563800,0.000000,0.000000,0.500000,0,1,0.000000,0.000000,0.000000
32,fall,0.054100,18,37.839700,0.000000,0.000000,0.500000,0,1,0.000000,0.000000,0.000000
32,fall,0.054100,19,38.119900,0.000000,0.372000,0.100000,0,1,14.180603,10.354000,3.826603
32,fall,0.054100,20,32.332300,0.000000,0.000000,0.100000,1,0,0.000000,0.000000,0.000000
32,fall,0.054100,21,28.981600,0.000000,0.000000,0.100000,1,0,0.000000,0.000000,0.000000
32,fall,0.054100,22,27.868600,0.000000,0.000000,0.100000,0,1,0.000000,0.000000,0.000000
32,fall,0.054100,23,25.587100,0.000000,0.000000,0.100000,0,1,0.000000,0.000000,0.000000
33,fall,0.032900,0,36.889300,0.000000,0.000000,0.500000,1,0,0.000000,0.000000,0.000000
33,fall,0.032900,1,35.622700,0.000000,0.000000,0.500000,1,0,0.000000,0.000000,0.000000
33,fall,0.032900,2,33.963000,0.000000,0.000000,0.500000,0,1,0.000000,0.000000,0.000000
33,fall,0.032900,3,33.452700,0.000000,0.000000,0.500000,0,1,0.000000,0.000000,0.000000
33,fall,0.032900,4,35.563500,0.000000,0.000000,0.500000,0,1,0.000000,0.000000,0.000000
33,fall,0.032900,5,39.761200,0.000000,0.000000,0.500000,1,0,0.000000,0.000000,0.000000
33,fall,0.032900,6,57.055800,0.000000,0.000000,0.500000,0,1,0.000000,0.000000,0.000000
33,fall,0.032900,7,62.370500,0.000000,0.000000,0.500000,0,1,0.000000,0.000000,0.000000
33,fall,0.032900,8,58.122600,0.000000,0.000000,0.500000,0,1,0.000000,0.000000,0.000000
33,fall,0.032900,9,55.806900,0.000000,0.000000,0.500000,1,0,0.000000,0.000000,0.000000
33,fall,0.032900,10,55.384900,0.000000,0.000000,0.500000,1,0,0.000000,0.000000,0.000000
33,fall,0.032900,11,52.722600,0.000000,0.000000,0.500000,0,1,0.000000,0.000000,0.000000
33,fall,0.032900,12,56.493200,0.000000,0.000000,0.500000,0,1,0.000000,0.000000,0.000000
33,fall,0.032900,13,55.018600,0.000000,0.000000,0.500000,1,0,0.000000,0.000000,0.000000
33,fall,0.032900,14,55.193900,0.000000,0.000000,0.500000,1,0,0.000000,0.000000,0.000000
33,fall,0.032900,15,57.078100,0.000000,0.000000,0.500000,0,1,0.000000,0.000000,0.000000
33,fall,0.032900,16,60.640300,0.000000,0.000000,0.500000,0,1,0.000000,0.000000,0.000000
33,fall,0.032900,17,72.803300,0.000000,0.372000,0.100000,0,1,27.082828,10.354000,16.728828
33,fall,0.032900,18,71.368200,0.000000,0.000000,0.100000,1,0,0.000000,0.000000,0.000000
33,fall,0.032900,19,70.513800,0.000000,0.000000,0.100000,0,1,0.000000,0.000000,0.000000
33,fall,0.032900,20,56.869000,0.000000,0.000000,0.100000,0,1,0.000000,0.000000,0.000000
33,fall,0.032900,21,52.231000,0.000000,0.000000,0.100000,0,1,0.000000,0.000000,0.000000
33,fall,0.032900,22,46.803700,0.000000,0.000000,0.100000,1,0,0.000000,0.000000,0.000000
33,fall,0.032900,23,41.620000,0.000000,0.000000,0.100000,1,0,0.000000,0.000000,0.000000
34,fall,0.024000,0,39.592700,0.000000,0.000000,0.500000,0,1,0.000000,0.000000,0.000000
34,fall,0.024000,1,38.578500,0.000000,0.000000,0.500000,0,1,0.000000,0.000000,0.000000
34,fall,0.024000,2,37.604200,0.000000,0.000000,0.500000,1,0,0.000000,0.000000,0.000000
34,fall,0.024000,3,36.479100,0.000000,0.000000,0.500000,1,0,0.000000,0.000000,0.000000
34,fall,0.024000,4,36.320200,0.000000,0.000000,0.500000,0,1,0.000000,0.000000,0.000000
34,fall,0.024000,5,39.046400,0.000000,0.000000,0.500000,0,1,0.000000,0.000000,0.000000
34,fall,0.024000,6,49.431600,0.000000,0.000000,0.500000,0,1,0.000000,0.000000,0.000000
34,fall,0.024000,7,57.355000,0.000000,0.000000,0.500000,1,0,0.000000,0.000000,0.000000
34,fall,0.024000,8,46.563400,0.000000,0.000000,0.500000,0,1,0.000000,0.000000,0.000000
34,fall,0.024000,9,40.386700,0.000000,0.000000,0.500000,0,1,0.000000,0.000000,0.000000
34,fall,0.024000,10,41.057100,0.000000,0.000000,0.500000,0,1,0.000000,0.000000,0.000000
34,fall,0.024000,11,40.912500,0.000000,0.000000,0.500000,1,0,0.000000,0.000000,0.000000
34,fall,0.024000,12,41.779900,0.000000,0.000000,0.500000,0,1,0.000000,0.000000,0.000000
34,fall,0.024000,13,39.043900,0.000000,0.000000,0.500000,0,1,0.000000,0.000000,0.000000
34,fall,0.024000,14,37.674800,0.000000,0.000000,0.500000,0,1,0.000000,0.000000,0.000000
34,fall,0.024000,15,36.867800,0.000000,0.000000,0.500000,1,0,0.000000,0.000000,0.000000
34,fall,0.024000,16,43.111500,0.000000,0.000000,0.500000,1,0,0.000000,0.000000,0.000000
34,fall,0.024000,17,53.028000,0.000000,0.000000,0.500000,0,1,0.000000,0.000000,0.000000
34,fall,0.024000,18,56.432100,0.000000,0.000000,0.500000,0,1,0.000000,0.000000,0.000000
34,fall,0.024000,19,61.111500,0.000000,0.372000,0.100000,0,1,22.733478,10.354000,12.379478
34,fall,0.024000,20,50.957000,0.000000,0.000000,0.100000,1,0,0.000000,0.000000,0.000000
34,fall,0.024000,21,47.206400,0.000000,0.000000,0.100000,0,1,0.000000,0.000000,0.000000
34,fall,0.024000,22,40.446500,0.000000,0.000000,0.100000,0,1,0.000000,0.000000,0.000000
34,fall,0.024000,23,39.955600,0.000000,0.000000,0.100000,0,1,0.000000,0.000000,0.000000
35,fall,0.018500,0,61.724400,0.000000,0.000000,0.500000,1,0,0.000000,0.000000,0.000000
35,fall,0.018500,1,63.025500,0.000000,0.000000,0.500000,0,1,0.000000,0.000000,0.000000
35,fall,0.018500,2,50.771800,0.000000,0.000000,0.500000,0,1,0.000000,0.000000,0.000000
35,fall,0.018500,3,49.751300,0.000000,0.000000,0.500000,0,1,0.000000,0.000000,0.000000
35,fall,0.018500,4,56.638000,0.000000,0.000000,0.500000,1,0,0.000000,0.000000,0.000000
35,fall,0.018500,5,56.881000,0.000000,0.000000,0.500000,1,0,0.000000,0.000000,0.000000
35,fall,0.018500,6,64.601000,0.000000,0.000000,0.500000,0,1,0.000000,0.000000,0.000000
35,fall,0.018500,7,74.089400,0.000000,0.372000,0.100000,0,1,27.561257,10.354000,17.207257
35,fall,0.018500,8,59.253500,0.000000,0.000000,0.100000,0,1,0.000000,0.000000,0.000000
35,fall,0.018500,9,56.425600,0.000000,0.000000,0.100000,1,0,0.000000,0.000000,0.000000
35,fall,0.018500,10,60.719000,0.000000,0.000000,0.100000,0,1,0.000000,0.000000,0.000000
35,fall,0.018500,11,55.590600,0.000000,0.000000,0.100000,0,1,0.000000,0.000000,0.000000
35,fall,0.018500,12,57.471800,0.000000,0.000000,0.100000,0,1,0.000000,0.000000,0.000000
35,fall,0.018500,13,52.365300,0.000000,0.000000,0.100000,1,0,0.000000,0.000000,0.000000
35,fall,0.018500,14,48.515400,0.000000,0.000000,0.100000,0,1,0.000000,0.000000,0.000000
35,fall,0.018500,15,57.987300,0.000000,0.000000,0.100000,0,1,0.000000,0.000000,0.000000
35,fall,0.018500,16,57.794300,0.000000,0.000000,0.100000,0,1,0.000000,0.000000,0.000000
35,fall,0.018500,17,70.313900,0.000000,0.000000,0.100000,1,0,0.000000,0.000000,0.000000
35,fall,0.018500,18,64.238700,0.000000,0.000000,0.100000,1,0,0.000000,0.000000,0.000000
35,fall,0.018500,19,63.090500,0.000000,0.000000,0.100000,0,1,0.000000,0.000000,0.000000
35,fall,0.018500,20,57.943000,0.000000,0.000000,0.100000,0,1,0.000000,0.000000,0.000000
35,fall,0.018500,21,53.454600,0.000000,0.000000,0.100000,0,1,0.000000,0.000000,0.000000
35,fall,0.018500,22,52.146700,0.000000,0.000000,0.100000,1,0,0.000000,0.000000,0.000000
35,fall,0.018500,23,44.321200,0.000000,0.000000,0.100000,0,1,0.000000,0.000000,0.000000
36,fall,0.015100,0,23.044100,0.000000,0.000000,0.500000,0,1,0.000000,0.000000,0.000000
36,fall,0.015100,1,21.558600,0.000000,0.000000,0.500000,0,1,0.000000,0.000000,0.000000
36,fall,0.015100,2,19.764400,0.000000,0.000000,0.500000,1,0,0.000000,0.000000,0.000000
36,fall,0.015100,3,18.947100,0.147994,0.000000,0.637634,1,0,-2.804057,4.119166,-6.923223
36,fall,0.015100,4,20.247100,0.000000,0.000000,0.637634,0,1,0.000000,0.000000,0.000000
36,fall,0.015100,5,23.276900,0.000000,0.000000,0.637634,0,1,0.000000,0.000000,0.000000
36,fall,0.015100,6,30.520600,0.000000,0.000000,0.637634,1,0,0.000000,0.000000,0.000000
36,fall,0.015100,7,29.992400,0.000000,0.000000,0.637634,1,0,0.000000,0.000000,0.000000
36,fall,0.015100,8,28.019800,0.000000,0.000000,0.637634,0,1,0.000000,0.000000,0.000000
36,fall,0.015100,9,30.201200,0.000000,0.000000,0.637634,0,1,0.000000,0.000000,0.000000
36,fall,0.015100,10,29.186500,0.000000,0.000000,0.637634,0,1,0.000000,0.000000,0.000000
36,fall,0.015100,11,38.369400,0.000000,0.000000,0.637634,1,0,0.000000,0.000000,0.000000
36,fall,0.015100,12,41.999700,0.000000,0.000000,0.637634,0,1,0.000000,0.000000,0.000000
36,fall,0.015100,13,47.163700,0.000000,0.000000,0.637634,0,1,0.000000,0.000000,0.000000
36,fall,0.015100,14,47.518900,0.000000,0.000000,0.637634,0,1,0.000000,0.000000,0.000000
36,fall,0.015100,15,52.314000,0.000000,0.000000,0.637634,1,0,0.000000,0.000000,0.000000
36,fall,0.015100,16,73.742900,0.000000,0.000000,0.637634,0,1,0.000000,0.000000,0.000000
36,fall,0.015100,17,96.222600,0.000000,0.500000,0.100000,0,1,48.111300,13.916667,34.194633
36,fall,0.015100,18,81.381100,0.000000,0.000000,0.100000,0,1,0.000000,0.000000,0.000000
36,fall,0.015100,19,45.627200,0.000000,0.000000,0.100000,1,0,0.000000,0.000000,0.000000
36,fall,0.015100,20,41.055600,0.000000,0.000000,0.100000,1,0,0.000000,0.000000,0.000000
36,fall,0.015100,21,35.341800,0.000000,0.000000,0.100000,0,1,0.000000,0.000000,0.000000
36,fall,0.015100,22,33.659700,0.000000,0.000000,0.100000,0,1,0.000000,0.000000,0.000000
36,fall,0.015100,23,27.044300,0.000000,0.000000,0.100000,0,1,0.000000,0.000000,0.000000
37,fall,0.013000,0,45.279800,0.000000,0.000000,0.500000,1,0,0.000000,0.000000,0.000000
37,fall,0.013000,1,43.312100,0.000000,0.000000,0.500000,0,1,0.000000,0.000000,0.000000
37,fall,0.013000,2,39.811300,0.000000,0.000000,0.500000,0,1,0.000000,0.000000,0.000000
37,fall,0.013000,3,38.394000,0.147994,0.000000,0.637634,1,0,-5.682081,4.119166,-9.801247
37,fall,0.013000,4,40.030400,0.000000,0.000000,0.637634,1,0,0.000000,0.000000,0.000000
37,fall,0.013000,5,44.556300,0.000000,0.000000,0.637634,0,1,0.000000,0.000000,0.000000
37,fall,0.013000,6,54.161100,0.000000,0.000000,0.637634,0,1,0.000000,0.000000,0.000000
37,fall,0.013000,7,57.076500,0.000000,0.000000,0.637634,0,1,0.000000,0.000000,0.000000
37,fall,0.013000,8,52.870200,0.000000,0.000000,0.637634,1,0,0.000000,0.000000,0.000000
37,fall,0.013000,9,58.115800,0.000000,0.000000,0.637634,1,0,0.000000,0.000000,0.000000
37,fall,0.013000,10,59.658700,0.000000,0.000000,0.637634,0,1,0.000000,0.000000,0.000000
37,fall,0.013000,11,69.399800,0.000000,0.000000,0.637634,0,1,0.000000,0.000000,0.000000
37,fall,0.013000,12,75.178900,0.000000,0.000000,0.637634,1,0,0.000000,0.000000,0.000000
37,fall,0.013000,13,85.279900,0.000000,0.000000,0.637634,1,0,0.000000,0.000000,0.000000
37,fall,0.013000,14,77.553700,0.000000,0.000000,0.637634,0,1,0.000000,0.000000,0.000000
37,fall,0.013000,15,85.111600,0.000000,0.000000,0.637634,0,1,0.000000,0.000000,0.000000
37,fall,0.013000,16,91.266000,0.000000,0.000000,0.637634,0,1,0.000000,0.000000,0.000000
37,fall,0.013000,17,112.999900,0.000000,0.500000,0.100000,0,1,56.499950,13.916667,42.583283
37,fall,0.013000,18,81.552600,0.000000,0.000000,0.100000,0,1,0.000000,0.000000,0.000000
37,fall,0.013000,19,78.418800,0.000000,0.000000,0.100000,0,1,0.000000,0.000000,0.000000
37,fall,0.013000,20,72.199100,0.000000,0.000000,0.100000,0,1,0.000000,0.000000,0.000000
37,fall,0.013000,21,60.352700,0.000000,0.000000,0.100000,1,0,0.000000,0.000000,0.000000
37,fall,0.013000,22,55.050800,0.000000,0.000000,0.100000,1,0,0.000000,0.000000,0.000000
37,fall,0.013000,23,48.094500,0.000000,0.000000,0.100000,0,1,0.000000,0.000000,0.000000
38,fall,0.012300,0,62.478600,0.000000,0.000000,0.500000,0,1,0.000000,0.000000,0.000000
38,fall,0.012300,1,63.876300,0.000000,0.000000,0.500000,1,0,0.000000,0.000000,0.000000
38,fall,0.012300,2,56.870600,0.000000,0.000000,0.500000,1,0,0.000000,0.000000,0.000000
38,fall,0.012300,3,55.470400,0.000000,0.000000,0.500000,0,1,0.000000,0.000000,0.000000
38,fall,0.012300,4,54.507300,0.147994,0.000000,0.637634,1,0,-8.066753,4.119166,-12.185919
38,fall,0.012300,5,65.743600,0.000000,0.000000,0.637634,0,1,0.000000,0.000000,0.000000
38,fall,0.012300,6,77.076600,0.000000,0.000000,0.637634,1,0,0.000000,0.000000,0.000000
38,fall,0.012300,7,69.490800,0.000000,0.000000,0.637634,0,1,0.000000,0.000000,0.000000
38,fall,0.012300,8,64.470900,0.000000,0.000000,0.637634,0,1,0.000000,0.000000,0.000000
38,fall,0.012300,9,74.161100,0.000000,0.000000,0.637634,0,1,0.000000,0.000000,0.000000
38,fall,0.012300,10,77.189500,0.000000,0.000000,0.637634,1,0,0.000000,0.000000,0.000000
38,fall,0.012300,11,84.921900,0.000000,0.000000,0.637634,0,1,0.000000,0.000000,0.000000
38,fall,0.012300,12,92.153000,0.000000,0.000000,0.637634,0,1,0.000000,0.000000,0.000000
38,fall,0.012300,13,95.808300,0.000000,0.000000,0.637634,0,1,0.000000,0.000000,0.000000
38,fall,0.012300,14,104.754700,0.000000,0.000000,0.637634,1,0,0.000000,0.000000,0.000000
38,fall,0.012300,15,113.943800,0.000000,0.000000,0.637634,1,0,0.000000,0.000000,0.000000
38,fall,0.012300,16,118.558900,0.000000,0.000000,0.637634,0,1,0.000000,0.000000,0.000000
38,fall,0.012300,17,131.849800,0.000000,0.500000,0.100000,0,1,65.924900,13.916667,52.008233
38,fall,0.012300,18,114.061900,0.000000,0.000000,0.100000,0,1,0.000000,0.000000,0.000000
38,fall,0.012300,19,103.510400,0.000000,0.000000,0.100000,1,0,0.000000,0.000000,0.000000
38,fall,0.012300,20,96.461400,0.000000,0.000000,0.100000,0,1,0.000000,0.000000,0.000000
38,fall,0.012300,21,83.393500,0.000000,0.000000,0.100000,0,1,0.000000,0.000000,0.000000
38,fall,0.012300,22,75.771900,0.000000,0.000000,0.100000,0,1,0.000000,0.000000,0.000000
38,fall,0.012300,23,75.067800,0.000000,0.000000,0.100000,1,0,0.000000,0.000000,0.000000
39,fall,0.011600,0,45.054100,0.000000,0.000000,0.500000,0,1,0.000000,0.000000,0.000000
39,fall,0.011600,1,46.926400,0.000000,0.000000,0.500000,0,1,0.000000,0.000000,0.000000
39,fall,0.011600,2,47.113000,0.000000,0.000000,0.500000,0,1,0.000000,0.000000,0.000000
39,fall,0.011600,3,46.253700,0.000000,0.000000,0.500000,1,0,0.000000,0.000000,0.000000
39,fall,0.011600,4,52.128400,0.000000,0.000000,0.500000,1,0,0.000000,0.000000,0.000000
39,fall,0.011600,5,52.818100,0.000000,0.000000,0.500000,0,1,0.000000,0.000000,0.000000
39,fall,0.011600,6,89.882900,0.000000,0.000000,0.500000,0,1,0.000000,0.000000,0.000000
39,fall,0.011600,7,106.601100,0.000000,0.372000,0.100000,0,1,39.655609,10.354000,29.301609
39,fall,0.011600,8,70.543900,0.000000,0.000000,0.100000,1,0,0.000000,0.000000,0.000000
39,fall,0.011600,9,70.288500,0.000000,0.000000,0.100000,0,1,0.000000,0.000000,0.000000
39,fall,0.011600,10,66.063900,0.000000,0.000000,0.100000,0,1,0.000000,0.000000,0.000000
39,fall,0.011600,11,61.590500,0.000000,0.000000,0.100000,0,1,0.000000,0.000000,0.000000
39,fall,0.011600,12,64.632100,0.000000,0.000000,0.100000,1,0,0.000000,0.000000,0.000000
39,fall,0.011600,13,63.789600,0.000000,0.000000,0.100000,0,1,0.000000,0.000000,0.000000
39,fall,0.011600,14,62.138800,0.000000,0.000000,0.100000,0,1,0.000000,0.000000,0.000000
39,fall,0.011600,15,59.890700,0.000000,0.000000,0.100000,0,1,0.000000,0.000000,0.000000
39,fall,0.011600,16,69.337900,0.000000,0.000000,0.100000,1,0,0.000000,0.000000,0.000000
39,fall,0.011600,17,81.062800,0.000000,0.000000,0.100000,1,0,0.000000,0.000000,0.000000
39,fall,0.011600,18,99.745800,0.000000,0.000000,0.100000,0,1,0.000000,0.000000,0.000000
39,fall,0.011600,19,91.325600,0.000000,0.000000,0.100000,0,1,0.000000,0.000000,0.000000
39,fall,0.011600,20,73.855100,0.000000,0.000000,0.100000,0,1,0.000000,0.000000,0.000000
39,fall,0.011600,21,73.155600,0.000000,0.000000,0.100000,1,0,0.000000,0.000000,0.000000
39,fall,0.011600,22,65.702900,0.000000,0.000000,0.100000,0,1,0.000000,0.000000,0.000000
39,fall,0.011600,23,58.461600,0.000000,0.000000,0.100000,0,1,0.000000,0.000000,0.000000
40,fall,0.002100,0,67.374300,0.000000,0.000000,0.500000,0,1,0.000000,0.000000,0.000000
40,fall,0.002100,1,74.873400,0.000000,0.000000,0.500000,1,0,0.000000,0.000000,0.000000
40,fall,0.002100,2,94.149200,0.000000,0.000000,0.500000,0,1,0.000000,0.000000,0.000000
40,fall,0.002100,3,70.771100,0.000000,0.000000,0.500000,0,1,0.000000,0.000000,0.000000
40,fall,0.002100,4,63.880300,0.430108,0.000000,0.900000,1,0,-27.475398,11.971326,-39.446724
40,fall,0.002100,5,82.626400,0.000000,0.000000,0.900000,1,0,0.000000,0.000000,0.000000
40,fall,0.002100,6,147.518200,0.000000,0.000000,0.900000,1,0,0.000000,0.000000,0.000000
40,fall,0.002100,7,152.909400,0.000000,0.500000,0.362366,0,1,76.454700,13.916667,62.538033
40,fall,0.002100,8,152.909400,0.000000,0.244000,0.100000,0,1,37.309894,6.791333,30.518560
40,fall,0.002100,9,92.072000,0.000000,0.000000,0.100000,0,1,0.000000,0.000000,0.000000
40,fall,0.002100,10,68.432700,0.000000,0.000000,0.100000,1,0,0.000000,0.000000,0.000000
40,fall,0.002100,11,68.625300,0.000000,0.000000,0.100000,0,1,0.000000,0.000000,0.000000
40,fall,0.002100,12,61.508300,0.000000,0.000000,0.100000,0,1,0.000000,0.000000,0.000000
40,fall,0.002100,13,60.448500,0.000000,0.000000,0.100000,0,1,0.000000,0.000000,0.000000
40,fall,0.002100,14,68.467000,0.000000,0.000000,0.100000,1,0,0.000000,0.000000,0.000000
40,fall,0.002100,15,56.712200,0.000000,0.000000,0.100000,0,1,0.000000,0.000000,0.000000
40,fall,0.002100,16,57.889400,0.000000,0.000000,0.100000,0,1,0.000000,0.000000,0.000000
40,fall,0.002100,17,85.391300,0.000000,0.000000,0.100000,0,1,0.000000,0.000000,0.000000
40,fall,0.002100,18,120.921100,0.000000,0.000000,0.100000,1,0,0.000000,0.000000,0.000000
40,fall,0.002100,19,109.392900,0.000000,0.000000,0.100000,1,0,0.000000,0.000000,0.000000
40,fall,0.002100,20,82.931800,0.000000,0.000000,0.100000,0,1,0.000000,0.000000,0.000000
40,fall,0.002100,21,83.608500,0.000000,0.000000,0.100000,0,1,0.000000,0.000000,0.000000
40,fall,0.002100,22,69.216300,0.000000,0.000000,0.100000,0,1,0.000000,0.000000,0.000000
40,fall,0.002100,23,71.275900,0.000000,0.000000,0.100000,1,0,0.000000,0.000000,0.000000
